/*
SQLyog Ultimate v8.32 
MySQL - 5.5.27 : Database - udai
*********************************************************************
*/

/*!40101 SET NAMES utf8 */;

/*!40101 SET SQL_MODE=''*/;

/*!40014 SET @OLD_UNIQUE_CHECKS=@@UNIQUE_CHECKS, UNIQUE_CHECKS=0 */;
/*!40014 SET @OLD_FOREIGN_KEY_CHECKS=@@FOREIGN_KEY_CHECKS, FOREIGN_KEY_CHECKS=0 */;
/*!40101 SET @OLD_SQL_MODE=@@SQL_MODE, SQL_MODE='NO_AUTO_VALUE_ON_ZERO' */;
/*!40111 SET @OLD_SQL_NOTES=@@SQL_NOTES, SQL_NOTES=0 */;
CREATE DATABASE /*!32312 IF NOT EXISTS*/`udai` /*!40100 DEFAULT CHARACTER SET utf8 */;

USE `udai`;

/*Table structure for table `cart` */

DROP TABLE IF EXISTS `cart`;

CREATE TABLE `cart` (
  `cartid` int(32) NOT NULL AUTO_INCREMENT,
  `uid` varchar(32) DEFAULT NULL,
  `pid` int(10) DEFAULT NULL,
  `count` int(10) DEFAULT NULL,
  PRIMARY KEY (`cartid`)
) ENGINE=InnoDB AUTO_INCREMENT=2 DEFAULT CHARSET=utf8;

/*Data for the table `cart` */

insert  into `cart`(`cartid`,`uid`,`pid`,`count`) values (1,'e7a0c9aa625c416fb6194a3c6396d9aa',19,1);

/*Table structure for table `category` */

DROP TABLE IF EXISTS `category`;

CREATE TABLE `category` (
  `cid` int(10) NOT NULL AUTO_INCREMENT,
  `parentId` int(10) DEFAULT NULL,
  `cname` varchar(32) DEFAULT NULL,
  PRIMARY KEY (`cid`)
) ENGINE=InnoDB AUTO_INCREMENT=18 DEFAULT CHARSET=utf8;

/*Data for the table `category` */

insert  into `category`(`cid`,`parentId`,`cname`) values (1,0,'女装'),(2,0,'男装'),(3,0,'包包'),(4,0,'童装'),(5,0,'鞋靴'),(6,1,'女衣'),(7,1,'女裤'),(8,1,'裙装'),(9,2,'男衣'),(10,2,'男裤'),(11,3,'女士包包'),(12,3,'男士包包'),(13,4,'男童装'),(14,4,'女童装'),(15,5,'男鞋'),(16,5,'女鞋'),(17,5,'童鞋');

/*Table structure for table `news` */

DROP TABLE IF EXISTS `news`;

CREATE TABLE `news` (
  `nid` int(10) NOT NULL AUTO_INCREMENT,
  `title` varchar(32) DEFAULT NULL,
  `content` varchar(64) DEFAULT NULL,
  UNIQUE KEY `nid` (`nid`)
) ENGINE=InnoDB AUTO_INCREMENT=20 DEFAULT CHARSET=utf8;

/*Data for the table `news` */

insert  into `news`(`nid`,`title`,`content`) values (1,'【公告】男子赴约女网友 店家给出天价账单 男子：店是她挑的，酒是','近几年，“天价消费”在网上频繁出现，很多酒店饭店的菜品都存在“天价”的情况，但是你听说过在咖啡厅点几杯饮品就敢要价一万五的吗？'),(2,'【公告】年轻女孩主动要求男网友宾馆开房 十几个小时后男子报警','央视网消息：如果手机微信上忽然有一个素不相识的年轻女孩请求加为好友，你会怎么办？很多人应该都会慎重地考虑是否添加这个陌生人。而去'),(3,'【新闻】央行决定对普惠金融实施定向降准政策 最高下调1.5个百分',NULL),(4,'【新闻】那些年看的剧里十大虐心情节，谁戳中了你的泪点？','在银墩路一家餐馆门前，一辆罩着车衣的轿车逆向停在路边。民警刚把车衣掀开，一名妇女从路边一家餐馆冲了出来，她告诉民警车是她儿子的，'),(5,'【新闻】顶着烈日，区长来到工地为奋战的建设者们送清凉','楚天都市报7月25日讯（记者望隽 通讯员许凤美 邹莹）高温来袭，热浪逼人。7月25日，武汉蔡甸区委副书记、区政府党组书记、区长郝'),(6,'【新闻】汉口站中转专用通道今天投用，武汉三大站中转无需出站，可像','楚天都市报7月25日讯（记者胡勇谋 通讯员代能跃 实习生周雅倩 彭紫胭）“挺方便的！下了火车就能看到中转标识，跟着走就行了，至少'),(7,'【新闻】突遭意外生命停摆 21岁男孩点燃6人生命之光','小伙突遭意外脑死亡'),(8,'【新闻】何惧伏天暑热，紫薇纵情怒放！绚丽的背后，是一次次打“预防','楚天都市报讯（记者陈希 通讯员刘壮）热浪铺天盖地，紫薇蓬勃怒放，成为夏日江城最绚烂的风景线，无声地诠释着什么是“怒放的生命”。'),(9,'【新闻】目的站是贵阳却在武汉站下车？瘫坐在地的男子被他们紧急送医','武汉站工作人员吕睿龙称，他们当即查看旅客刘某所持的车票，发现刘某目的站在贵阳北却在武汉站下车！这种不寻常立刻引起了工作人员的警觉'),(10,'【新闻】小S老公许雅钧在大S眼中的形象：没见他之前小S说了他无数','小S老公许雅钧之前上热搜，还真的闹得挺尴尬的，明明已经为人夫为人父了，结果还天天泡夜店，并且据说还和别的女人打情骂俏，完全无视自'),(11,'【新闻】绝味鸭脖董事长去世,享年52岁死因揭晓','说起绝味鸭脖，这种遍布全国各地的消遣小零食那是家喻户晓。不过绝味鸭脖只是绝味食品的一部分，在去年绝味食品收入高达43.68亿元，'),(12,'【新闻】走进广州开发区“国家知识产权改革试验田”','7月23日，正值中新广州知识城开展知识产权运用和保护综合改革试验（下称“综改”）三周年，记者跟随广州开发区知识产权局，走进“国家'),(13,'【新闻】10月1日起国家再次提高部分优抚对象抚恤补助标准 烈属抚',NULL),(14,'【新闻】华为大反攻？祭出“裁员70%”大招，美国科技巨头急于解禁','众所周知，前一段时间美国公然的对我国科技巨头华为进行了“打击和制裁”，因为受到美国“禁令”的影响，让华为公司的很多经营活动都受到'),(15,'【新闻】苹果是时候要重视华为这个竞争对手了','近日，有市场调研机构Gartner Inc送出的报告显示，今年全球智能手机第一季度的出货量比拼中，华为增速力压其他品牌，同比增长'),(16,'【新闻】新潮巨亏，华语却要跑去上市了，这是什么神操作？','一家低调到几乎没有曝光率，百度新闻、百度网页、百度指数都搜不到几年内有任何新闻动向的公司，一家不做pr也不掺和业界风风雨雨，闷声'),(17,'【新闻】荣耀9X是首款搭载旗舰级芯片的千元机，它是如何做到139','7月23日，古都西安，骄阳似火，荣耀9X正式发布，售价仅1399元起。此前，荣耀9X已经向外透露，全系搭载最新的7nm 制程AI'),(18,'【新闻】10月1日起国家再次提高部分优抚对象抚恤补助标准 烈属抚',NULL),(19,'【新闻】骁龙855 Plus+120Hz刷新率屏幕，ROG游戏手','凭借着强悍的性能、卓越的游戏体验和丰富的游戏扩展配件，第一代ROG游戏手机曾给我们留下深刻的印象。不过想必也有不少游戏玩家有着和');

/*Table structure for table `orderitem` */

DROP TABLE IF EXISTS `orderitem`;

CREATE TABLE `orderitem` (
  `itemId` varchar(32) NOT NULL,
  `counts` int(10) DEFAULT NULL,
  `subtotal` double DEFAULT NULL,
  `pid` int(32) DEFAULT NULL,
  `oid` varchar(32) DEFAULT NULL,
  PRIMARY KEY (`itemId`),
  KEY `FK_orderitem` (`pid`),
  KEY `FK_orderitem1` (`oid`),
  CONSTRAINT `FK_orderitem` FOREIGN KEY (`pid`) REFERENCES `product` (`pid`),
  CONSTRAINT `FK_orderitem1` FOREIGN KEY (`oid`) REFERENCES `orders` (`oid`)
) ENGINE=InnoDB DEFAULT CHARSET=utf8;

/*Data for the table `orderitem` */

insert  into `orderitem`(`itemId`,`counts`,`subtotal`,`pid`,`oid`) values ('0b7b275832574e0eb778d4417b658196',1,207.20000000000002,102,'b72efc3ec7814bb5bb00f69a175da59b'),('1955cf00d1c249e49d00a8d6165e8724',1,1999.2,19,'57cff14caac94785a8f83061ad87b989'),('457619bdfbb14e2a8e7bd3761830e55d',1,31.200000000000003,75,'6d3b4e1b7f124276856c0dfbc66998ff'),('7cbf3ff5f3404a709134a91c74fc6407',1,207.20000000000002,274,'f104c649ccc04c0e8c7713620d9f22bf'),('8fbf05d926494f6cb94c8570e1e748e6',1,1999.2,19,'9ae7df4fb5cf4869b720c6f98dff9f26'),('c3af0588ade34acd8ee57d6f32f4d6fc',1,1104,101,'3768858f71874d00bd4464549d254345'),('ce8108b92e0a4aafa384d25b29049794',1,207.20000000000002,274,'844dc37a5e344e2d9dc6558a49e26029'),('fd1d66507dfb40eea64000c0b806593f',1,1000,251,'57cff14caac94785a8f83061ad87b989');

/*Table structure for table `orders` */

DROP TABLE IF EXISTS `orders`;

CREATE TABLE `orders` (
  `oid` varchar(32) NOT NULL,
  `ordertime` varchar(32) DEFAULT NULL,
  `state` int(3) DEFAULT NULL,
  `address` varchar(32) DEFAULT NULL,
  `aname` varchar(32) DEFAULT NULL,
  `telephone` varchar(32) DEFAULT NULL,
  `uid` varchar(32) DEFAULT NULL,
  `total` double DEFAULT NULL,
  PRIMARY KEY (`oid`),
  KEY `FK_order` (`uid`),
  CONSTRAINT `FK_order` FOREIGN KEY (`uid`) REFERENCES `user` (`uid`)
) ENGINE=InnoDB DEFAULT CHARSET=utf8;

/*Data for the table `orders` */

insert  into `orders`(`oid`,`ordertime`,`state`,`address`,`aname`,`telephone`,`uid`,`total`) values ('3768858f71874d00bd4464549d254345','2019-08-07 15:28:41',3,'湖北省武汉市洪山区珞南街道武汉市洪山区千硕教育三楼','黎阳','13812345678','11',1104),('57cff14caac94785a8f83061ad87b989','2019-08-08 14:48:52',3,'湖北省武汉市洪山区珞南街道hhhhh','liyang','88441844','11',2999.2),('6d3b4e1b7f124276856c0dfbc66998ff','2019-08-07 15:42:12',3,'湖北省武汉市洪山区珞南街道武汉市洪山区千硕教育三楼','王志文','13812345678','11',31.200000000000003),('844dc37a5e344e2d9dc6558a49e26029','2019-08-07 15:40:43',4,'湖北省武汉市洪山区珞南街道123456','曹汐','13812345678','11',207.20000000000002),('9ae7df4fb5cf4869b720c6f98dff9f26','2019-08-09 15:52:38',3,'安徽省阜阳市阜南县王家坝镇hhhhh','张三','88441844','e7a0c9aa625c416fb6194a3c6396d9aa',1999.2),('b72efc3ec7814bb5bb00f69a175da59b','2019-08-07 15:28:50',5,'湖北省武汉市洪山区珞南街道武汉市洪山区千硕教育三楼','王志文','13812345678','11',207.20000000000002),('f104c649ccc04c0e8c7713620d9f22bf','2019-08-07 15:28:59',3,'湖北省武汉市洪山区珞南街道123456','曹汐','13812345678','11',207.20000000000002);

/*Table structure for table `product` */

DROP TABLE IF EXISTS `product`;

CREATE TABLE `product` (
  `pid` int(10) NOT NULL AUTO_INCREMENT,
  `pname` varchar(32) DEFAULT NULL,
  `price` double DEFAULT NULL,
  `pimage` varchar(255) DEFAULT NULL,
  `color` varchar(32) DEFAULT NULL,
  `size` varchar(32) DEFAULT NULL,
  `pdesc` varchar(64) DEFAULT NULL,
  `count` int(10) DEFAULT NULL,
  `cid` int(10) DEFAULT NULL,
  `popularity` int(10) DEFAULT NULL,
  PRIMARY KEY (`pid`),
  KEY `FK_product` (`cid`),
  CONSTRAINT `FK_product` FOREIGN KEY (`cid`) REFERENCES `category` (`cid`)
) ENGINE=InnoDB AUTO_INCREMENT=339 DEFAULT CHARSET=utf8;

/*Data for the table `product` */

insert  into `product`(`pid`,`pname`,`price`,`pimage`,`color`,`size`,`pdesc`,`count`,`cid`,`popularity`) values (1,'女裤',129,'product/1/1.jpg,product/1/2.jpg,product/1/3.jpg,product/1/4.jpg,product/1/5.jpg,','浅蓝','XL','美特斯邦威牛仔裤女2019新款韩版休闲直筒萝卜裤宽松bf泫雅老爹裤',7,7,6765),(2,'女裤',49,'product/1/6.jpg,product/1/7.jpg,product/1/8.jpg,product/1/9.jpg,product/1/10.jpg','黑色','XL','美特斯邦威牛仔裤女2019新款韩版休闲直筒萝卜裤宽松bf泫雅老爹裤',26,7,56),(3,'女衣',39,'product/1/11.jpg,product/1/12.jpg,product/1/13.jpg,product/1/14.jpg,product/1/15.jpg','白色','XL','衣服女韩版2019新款夏装宽松港风t恤女短袖ins潮大码中长款打底衫',13,6,456),(4,'女衣',79,'product/1/16.jpg,product/1/17.jpg,product/1/18.jpg,product/1/19.jpg,product/1/20.jpg','黑色','XL','透明网纱网状镂空薄纱网纱t恤女装薄性感打底衫大码黑纱透视上衣',33,6,754),(5,'裙装',1380,'product/1/21.jpg,product/1/22.jpg,product/1/23.jpg,product/1/24.jpg,product/1/25.jpg','黑色','XL','日本代购thom browne19夏款短裙高腰百褶裙TB西装套装半身裙A字裙',55,8,547),(6,'裙装',259,'product/1/26.jpg,product/1/27.jpg,product/1/28.jpg,product/1/29.jpg,product/1/30.jpg','浅蓝','XL','韩国破洞牛仔短裙女2019新款夏浅色高腰网红ins超火包臀a字半身裙',30,8,56),(7,'男衣',99,'product/1/31.jpg,product/1/32.jpg,product/1/33.jpg,product/1/34.jpg,product/1/35.jpg','蓝色','XXL','花花公子夏季短袖T恤男士韩版圆领薄款半袖青少年纯棉潮流条纹t恤',20,9,536),(8,'男衣',129,'product/1/36.jpg,product/1/37.jpg,product/1/38.jpg,product/1/39.jpg,product/1/40.jpg','粉色','XXL','南极人夏季粉色男士短袖t恤韩版2019新款潮牌港风潮流ins纯棉半袖',20,9,5636),(9,'男裤',139,'product/1/41.jpg,product/1/42.jpg,product/1/43.jpg,product/1/44.jpg,product/1/45.jpg','黑色','XXL','花花公子长裤子男韩版潮流夏季冰丝薄款休闲裤运动裤修身帅气百搭',20,10,668),(10,'男裤',259,'product/1/46.jpg,product/1/47.jpg,product/1/48.jpg,product/1/49.jpg,product/1/50.jpg','灰色','XXL','休闲裤男2019夏季薄款韩版潮牌青年白杆条纹宽松直筒百搭运动长裤',20,10,7357),(11,'女士包包',1250,'product/1/51.jpg,product/1/52.jpg,product/1/53.jpg,product/1/54.jpg,product/1/55.jpg','黑色',NULL,'春夏款正品代购pinko女包飞鸟压花印花徽章勋章大小号链条燕子包',20,11,363),(12,'女士包包',319,'product/1/56.jpg,product/1/57.jpg,product/1/58.jpg,product/1/59.jpg,product/1/60.jpg','格纹',NULL,'香港代购ins超火迷你双肩包女新款单肩背包仙女包百搭格纹小包包',20,11,3675),(13,'男士包包',498,'product/1/61.jpg,product/1/62.jpg,product/1/63.jpg,product/1/64.jpg,product/1/65.jpg','黑色',NULL,'正品卓梵 阿玛尼男包名牌男士手提包横款真皮单肩电脑包牛皮商务',20,12,4534),(14,'男士包包',398,'product/1/66.jpg,product/1/67.jpg,product/1/68.jpg,product/1/69.jpg,product/1/70.jpg','黑色',NULL,'韩版休闲旅行双肩包书包学生牛皮电脑包男士运动背包时尚男包潮包',20,12,357),(15,'男童装',198,'product/1/71.jpg,product/1/72.jpg,product/1/73.jpg,product/1/74.jpg,product/1/75.jpg','白色','130','童装男童夏装2019新款套装儿童洋气夏季短袖两件套帅气小童韩版潮',20,13,363),(16,'男童装',179,'product/1/76.jpg,product/1/77.jpg,product/1/78.jpg,product/1/79.jpg,product/1/80.jpg','白色','130','男童夏装2019新款套装儿童夏季童装洋气短袖两件套宝宝帅气韩版潮',20,13,453),(17,'女童装',259,'product/1/81.jpg,product/1/82.jpg,product/1/83.jpg,product/1/84.jpg,product/1/85.jpg','白色','140','女童装夏季套装2019新款洋气运动中大童12夏装女孩15岁休闲女装13',20,14,45854),(18,'女童装',199,'product/1/86.jpg,product/1/87.jpg,product/1/88.jpg,product/1/89.jpg,product/1/90.jpg','白色','140','女童背带裤套装夏装2019新款年网红儿童洋气时髦夏季中大童童装潮',20,14,245),(19,'男鞋',2499,'product/1/91.jpg,product/1/92.jpg,product/1/93.jpg,product/1/94.jpg,product/1/95.jpg','白色','41','阿迪达斯官方 adidas alphaedge 4D m 男子跑步运动鞋CG5526',20,15,434534),(20,'男鞋',2949,'product/1/96.jpg,product/1/97.jpg,product/1/98.jpg,product/1/99.jpg,product/1/100.jpg','白色','41','阿迪达斯男鞋女Yeezy 350 V2白斑马椰子白冰激凌纯白跑步鞋CP9366',20,15,3656),(21,'女鞋',399,'product/1/101.jpg,product/1/102.jpg,product/1/103.jpg,product/1/104.jpg,product/1/105.jpg','白色','37','如熙松糕凉鞋女2019新款夏季百搭ins潮鞋复古罗马网红学生仙女风',20,16,63),(22,'女鞋',499,'product/1/106.jpg,product/1/107.jpg,product/1/108.jpg,product/1/109.jpg,product/1/110.jpg','白色','37','2019新款夏款百搭老爹鞋女ins潮鞋夏季休闲透气网面运动厚底小白',20,16,453),(23,'童鞋',299,'product/1/111.jpg,product/1/112.jpg,product/1/113.jpg,product/1/114.jpg,product/1/115.jpg','白色','27','男童运动鞋2019新款夏季男孩夏童鞋夏款网面透气网鞋儿童椰子鞋子',20,17,453),(24,'童鞋',399,'product/1/116.jpg,product/1/117.jpg,product/1/118.jpg,product/1/119.jpg,product/1/120.jpg','白色','27','童鞋女童小白鞋2019新款夏季鞋子儿童运动鞋女孩春秋透气网面网鞋',20,17,3463),(25,'女裤',129,'product/1/1.jpg,product/1/2.jpg,product/1/3.jpg,product/1/4.jpg,product/1/5.jpg','浅蓝','XL','美特斯邦威牛仔裤女2019新款韩版休闲直筒萝卜裤宽松bf泫雅老爹裤',7,7,76556),(26,'女裤',49,'product/1/6.jpg,product/1/7.jpg,product/1/8.jpg,product/1/9.jpg,product/1/10.jpg','黑色','XL','美特斯邦威牛仔裤女2019新款韩版休闲直筒萝卜裤宽松bf泫雅老爹裤',26,7,5685),(27,'女衣',39,'product/1/11.jpg,product/1/12.jpg,product/1/13.jpg,product/1/14.jpg,product/1/15.jpg','白色','XL','衣服女韩版2019新款夏装宽松港风t恤女短袖ins潮大码中长款打底衫',13,6,8568),(28,'女衣',79,'product/1/16.jpg,product/1/17.jpg,product/1/18.jpg,product/1/19.jpg,product/1/20.jpg','黑色','XL','透明网纱网状镂空薄纱网纱t恤女装薄性感打底衫大码黑纱透视上衣',33,6,4646),(29,'裙装',1380,'product/1/21.jpg,product/1/22.jpg,product/1/23.jpg,product/1/24.jpg,product/1/25.jpg','黑色','XL','日本代购thom browne19夏款短裙高腰百褶裙TB西装套装半身裙A字裙',55,8,33),(30,'裙装',259,'product/1/26.jpg,product/1/27.jpg,product/1/28.jpg,product/1/29.jpg,product/1/30.jpg','浅蓝','XL','韩国破洞牛仔短裙女2019新款夏浅色高腰网红ins超火包臀a字半身裙',30,8,4534),(31,'男衣',99,'product/1/31.jpg,product/1/32.jpg,product/1/33.jpg,product/1/34.jpg,product/1/35.jpg','蓝色','XXL','花花公子夏季短袖T恤男士韩版圆领薄款半袖青少年纯棉潮流条纹t恤',20,9,45),(32,'男衣',129,'product/1/36.jpg,product/1/37.jpg,product/1/38.jpg,product/1/39.jpg,product/1/40.jpg','粉色','XXL','南极人夏季粉色男士短袖t恤韩版2019新款潮牌港风潮流ins纯棉半袖',20,9,345),(33,'男裤',139,'product/1/41.jpg,product/1/42.jpg,product/1/43.jpg,product/1/44.jpg,product/1/45.jpg','黑色','XXL','花花公子长裤子男韩版潮流夏季冰丝薄款休闲裤运动裤修身帅气百搭',20,10,53),(34,'男裤',259,'product/1/46.jpg,product/1/47.jpg,product/1/48.jpg,product/1/49.jpg,product/1/50.jpg','灰色','XXL','休闲裤男2019夏季薄款韩版潮牌青年白杆条纹宽松直筒百搭运动长裤',20,10,345),(35,'女士包包',1250,'product/1/51.jpg,product/1/52.jpg,product/1/53.jpg,product/1/54.jpg,product/1/55.jpg','黑色',NULL,'春夏款正品代购pinko女包飞鸟压花印花徽章勋章大小号链条燕子包',20,11,3453),(36,'女士包包',319,'product/1/56.jpg,product/1/57.jpg,product/1/58.jpg,product/1/59.jpg,product/1/60.jpg','格纹',NULL,'香港代购ins超火迷你双肩包女新款单肩背包仙女包百搭格纹小包包',20,11,34534),(37,'男士包包',498,'product/1/61.jpg,product/1/62.jpg,product/1/63.jpg,product/1/64.jpg,product/1/65.jpg','黑色',NULL,'正品卓梵 阿玛尼男包名牌男士手提包横款真皮单肩电脑包牛皮商务',20,12,353),(38,'男士包包',398,'product/1/66.jpg,product/1/67.jpg,product/1/68.jpg,product/1/69.jpg,product/1/70.jpg','黑色',NULL,'韩版休闲旅行双肩包书包学生牛皮电脑包男士运动背包时尚男包潮包',20,12,453),(39,'男童装',198,'product/1/71.jpg,product/1/72.jpg,product/1/73.jpg,product/1/74.jpg,product/1/75.jpg','白色','130','童装男童夏装2019新款套装儿童洋气夏季短袖两件套帅气小童韩版潮',20,13,453),(40,'男童装',179,'product/1/76.jpg,product/1/77.jpg,product/1/78.jpg,product/1/79.jpg,product/1/80.jpg','白色','130','男童夏装2019新款套装儿童夏季童装洋气短袖两件套宝宝帅气韩版潮',20,13,453),(41,'女童装',259,'product/1/81.jpg,product/1/82.jpg,product/1/83.jpg,product/1/84.jpg,product/1/85.jpg','白色','140','女童装夏季套装2019新款洋气运动中大童12夏装女孩15岁休闲女装13',20,14,435),(42,'女童装',199,'product/1/86.jpg,product/1/87.jpg,product/1/88.jpg,product/1/89.jpg,product/1/90.jpg','白色','140','女童背带裤套装夏装2019新款年网红儿童洋气时髦夏季中大童童装潮',20,14,453),(43,'男鞋',2499,'product/1/91.jpg,product/1/92.jpg,product/1/93.jpg,product/1/94.jpg,product/1/95.jpg','白色','41','阿迪达斯官方 adidas alphaedge 4D m 男子跑步运动鞋CG5526',20,15,435),(44,'男鞋',2949,'product/1/96.jpg,product/1/97.jpg,product/1/98.jpg,product/1/99.jpg,product/1/100.jpg','白色','41','阿迪达斯男鞋女Yeezy 350 V2白斑马椰子白冰激凌纯白跑步鞋CP9366',20,15,435),(45,'女鞋',399,'product/1/101.jpg,product/1/102.jpg,product/1/103.jpg,product/1/104.jpg,product/1/105.jpg','白色','37','如熙松糕凉鞋女2019新款夏季百搭ins潮鞋复古罗马网红学生仙女风',20,16,435),(46,'女鞋',499,'product/1/106.jpg,product/1/107.jpg,product/1/108.jpg,product/1/109.jpg,product/1/110.jpg','白色','37','2019新款夏款百搭老爹鞋女ins潮鞋夏季休闲透气网面运动厚底小白',20,16,345),(47,'童鞋',299,'product/1/111.jpg,product/1/112.jpg,product/1/113.jpg,product/1/114.jpg,product/1/115.jpg','白色','27','男童运动鞋2019新款夏季男孩夏童鞋夏款网面透气网鞋儿童椰子鞋子',20,17,435),(48,'童鞋',399,'product/1/116.jpg,product/1/117.jpg,product/1/118.jpg,product/1/119.jpg,product/1/120.jpg','白色','27','童鞋女童小白鞋2019新款夏季鞋子儿童运动鞋女孩春秋透气网面网鞋',20,17,3453),(49,'女裤',129,'product/1/1.jpg,product/1/2.jpg,product/1/3.jpg,product/1/4.jpg,product/1/5.jpg','浅蓝','XL','美特斯邦威牛仔裤女2019新款韩版休闲直筒萝卜裤宽松bf泫雅老爹裤',7,7,3534),(50,'女裤',49,'product/1/6.jpg,product/1/7.jpg,product/1/8.jpg,product/1/9.jpg,product/1/10.jpg','黑色','XL','美特斯邦威牛仔裤女2019新款韩版休闲直筒萝卜裤宽松bf泫雅老爹裤',26,7,435),(51,'女衣',39,'product/1/11.jpg,product/1/12.jpg,product/1/13.jpg,product/1/14.jpg,product/1/15.jpg','白色','XL','衣服女韩版2019新款夏装宽松港风t恤女短袖ins潮大码中长款打底衫',13,6,345),(52,'女衣',79,'product/1/16.jpg,product/1/17.jpg,product/1/18.jpg,product/1/19.jpg,product/1/20.jpg','黑色','XL','透明网纱网状镂空薄纱网纱t恤女装薄性感打底衫大码黑纱透视上衣',33,6,45345),(53,'裙装',1380,'product/1/21.jpg,product/1/22.jpg,product/1/23.jpg,product/1/24.jpg,product/1/25.jpg','黑色','XL','日本代购thom browne19夏款短裙高腰百褶裙TB西装套装半身裙A字裙',55,8,34534),(54,'裙装',259,'product/1/26.jpg,product/1/27.jpg,product/1/28.jpg,product/1/29.jpg,product/1/30.jpg','浅蓝','XL','韩国破洞牛仔短裙女2019新款夏浅色高腰网红ins超火包臀a字半身裙',30,8,454),(55,'男衣',99,'product/1/31.jpg,product/1/32.jpg,product/1/33.jpg,product/1/34.jpg,product/1/35.jpg','蓝色','XXL','花花公子夏季短袖T恤男士韩版圆领薄款半袖青少年纯棉潮流条纹t恤',20,9,66),(56,'男衣',129,'product/1/36.jpg,product/1/37.jpg,product/1/38.jpg,product/1/39.jpg,product/1/40.jpg','粉色','XXL','南极人夏季粉色男士短袖t恤韩版2019新款潮牌港风潮流ins纯棉半袖',20,9,3453),(57,'男裤',139,'product/1/41.jpg,product/1/42.jpg,product/1/43.jpg,product/1/44.jpg,product/1/45.jpg','黑色','XXL','花花公子长裤子男韩版潮流夏季冰丝薄款休闲裤运动裤修身帅气百搭',20,10,548),(58,'男裤',259,'product/1/46.jpg,product/1/47.jpg,product/1/48.jpg,product/1/49.jpg,product/1/50.jpg','灰色','XXL','休闲裤男2019夏季薄款韩版潮牌青年白杆条纹宽松直筒百搭运动长裤',20,10,6885),(59,'女士包包',1250,'product/1/51.jpg,product/1/52.jpg,product/1/53.jpg,product/1/54.jpg,product/1/55.jpg','黑色',NULL,'春夏款正品代购pinko女包飞鸟压花印花徽章勋章大小号链条燕子包',20,11,65756),(60,'女士包包',319,'product/1/56.jpg,product/1/57.jpg,product/1/58.jpg,product/1/59.jpg,product/1/60.jpg','格纹',NULL,'香港代购ins超火迷你双肩包女新款单肩背包仙女包百搭格纹小包包',20,11,565),(61,'男士包包',498,'product/1/61.jpg,product/1/62.jpg,product/1/63.jpg,product/1/64.jpg,product/1/65.jpg','黑色',NULL,'正品卓梵 阿玛尼男包名牌男士手提包横款真皮单肩电脑包牛皮商务',20,12,4534),(62,'男士包包',398,'product/1/66.jpg,product/1/67.jpg,product/1/68.jpg,product/1/69.jpg,product/1/70.jpg','黑色',NULL,'韩版休闲旅行双肩包书包学生牛皮电脑包男士运动背包时尚男包潮包',20,12,4353),(63,'男童装',198,'product/1/71.jpg,product/1/72.jpg,product/1/73.jpg,product/1/74.jpg,product/1/75.jpg','白色','130','童装男童夏装2019新款套装儿童洋气夏季短袖两件套帅气小童韩版潮',20,13,43),(64,'男童装',179,'product/1/76.jpg,product/1/77.jpg,product/1/78.jpg,product/1/79.jpg,product/1/80.jpg','白色','130','男童夏装2019新款套装儿童夏季童装洋气短袖两件套宝宝帅气韩版潮',20,13,656),(65,'女童装',259,'product/1/81.jpg,product/1/82.jpg,product/1/83.jpg,product/1/84.jpg,product/1/85.jpg','白色','140','女童装夏季套装2019新款洋气运动中大童12夏装女孩15岁休闲女装13',20,14,645),(66,'女童装',199,'product/1/86.jpg,product/1/87.jpg,product/1/88.jpg,product/1/89.jpg,product/1/90.jpg','白色','140','女童背带裤套装夏装2019新款年网红儿童洋气时髦夏季中大童童装潮',20,14,43564),(67,'男鞋',2499,'product/1/91.jpg,product/1/92.jpg,product/1/93.jpg,product/1/94.jpg,product/1/95.jpg','白色','41','阿迪达斯官方 adidas alphaedge 4D m 男子跑步运动鞋CG5526',20,15,643),(68,'男鞋',2949,'product/1/96.jpg,product/1/97.jpg,product/1/98.jpg,product/1/99.jpg,product/1/100.jpg','白色','41','阿迪达斯男鞋女Yeezy 350 V2白斑马椰子白冰激凌纯白跑步鞋CP9366',20,15,353),(69,'女鞋',399,'product/1/101.jpg,product/1/102.jpg,product/1/103.jpg,product/1/104.jpg,product/1/105.jpg','白色','37','如熙松糕凉鞋女2019新款夏季百搭ins潮鞋复古罗马网红学生仙女风',20,16,544),(70,'女鞋',499,'product/1/106.jpg,product/1/107.jpg,product/1/108.jpg,product/1/109.jpg,product/1/110.jpg','白色','37','2019新款夏款百搭老爹鞋女ins潮鞋夏季休闲透气网面运动厚底小白',20,16,433),(71,'童鞋',299,'product/1/111.jpg,product/1/112.jpg,product/1/113.jpg,product/1/114.jpg,product/1/115.jpg','白色','27','男童运动鞋2019新款夏季男孩夏童鞋夏款网面透气网鞋儿童椰子鞋子',20,17,5434),(72,'童鞋',399,'product/1/116.jpg,product/1/117.jpg,product/1/118.jpg,product/1/119.jpg,product/1/120.jpg','白色','27','童鞋女童小白鞋2019新款夏季鞋子儿童运动鞋女孩春秋透气网面网鞋',20,17,4534),(73,'女裤',129,'product/1/1.jpg,product/1/2.jpg,product/1/3.jpg,product/1/4.jpg,product/1/5.jpg','浅蓝','XL','美特斯邦威牛仔裤女2019新款韩版休闲直筒萝卜裤宽松bf泫雅老爹裤',7,7,786),(74,'女裤',49,'product/1/6.jpg,product/1/7.jpg,product/1/8.jpg,product/1/9.jpg,product/1/10.jpg','黑色','XL','美特斯邦威牛仔裤女2019新款韩版休闲直筒萝卜裤宽松bf泫雅老爹裤',26,7,6784),(75,'女衣',39,'product/1/11.jpg,product/1/12.jpg,product/1/13.jpg,product/1/14.jpg,product/1/15.jpg','白色','XL','衣服女韩版2019新款夏装宽松港风t恤女短袖ins潮大码中长款打底衫',13,6,46753),(76,'女衣',79,'product/1/16.jpg,product/1/17.jpg,product/1/18.jpg,product/1/19.jpg,product/1/20.jpg','黑色','XL','透明网纱网状镂空薄纱网纱t恤女装薄性感打底衫大码黑纱透视上衣',33,6,3376),(77,'裙装',1380,'product/1/21.jpg,product/1/22.jpg,product/1/23.jpg,product/1/24.jpg,product/1/25.jpg','黑色','XL','日本代购thom browne19夏款短裙高腰百褶裙TB西装套装半身裙A字裙',55,8,3765),(78,'裙装',259,'product/1/26.jpg,product/1/27.jpg,product/1/28.jpg,product/1/29.jpg,product/1/30.jpg','浅蓝','XL','韩国破洞牛仔短裙女2019新款夏浅色高腰网红ins超火包臀a字半身裙',30,8,7567),(79,'男衣',99,'product/1/31.jpg,product/1/32.jpg,product/1/33.jpg,product/1/34.jpg,product/1/35.jpg','蓝色','XXL','花花公子夏季短袖T恤男士韩版圆领薄款半袖青少年纯棉潮流条纹t恤',20,9,673),(80,'男衣',129,'product/1/36.jpg,product/1/37.jpg,product/1/38.jpg,product/1/39.jpg,product/1/40.jpg','粉色','XXL','南极人夏季粉色男士短袖t恤韩版2019新款潮牌港风潮流ins纯棉半袖',20,9,65),(81,'男裤',139,'product/1/41.jpg,product/1/42.jpg,product/1/43.jpg,product/1/44.jpg,product/1/45.jpg','黑色','XXL','花花公子长裤子男韩版潮流夏季冰丝薄款休闲裤运动裤修身帅气百搭',20,10,67),(82,'男裤',259,'product/1/46.jpg,product/1/47.jpg,product/1/48.jpg,product/1/49.jpg,product/1/50.jpg','灰色','XXL','休闲裤男2019夏季薄款韩版潮牌青年白杆条纹宽松直筒百搭运动长裤',20,10,55),(83,'女士包包',1250,'product/1/51.jpg,product/1/52.jpg,product/1/53.jpg,product/1/54.jpg,product/1/55.jpg','黑色',NULL,'春夏款正品代购pinko女包飞鸟压花印花徽章勋章大小号链条燕子包',20,11,675),(84,'女士包包',319,'product/1/56.jpg,product/1/57.jpg,product/1/58.jpg,product/1/59.jpg,product/1/60.jpg','格纹',NULL,'香港代购ins超火迷你双肩包女新款单肩背包仙女包百搭格纹小包包',20,11,7653),(85,'男士包包',498,'product/1/61.jpg,product/1/62.jpg,product/1/63.jpg,product/1/64.jpg,product/1/65.jpg','黑色',NULL,'正品卓梵 阿玛尼男包名牌男士手提包横款真皮单肩电脑包牛皮商务',20,12,657),(86,'男士包包',398,'product/1/66.jpg,product/1/67.jpg,product/1/68.jpg,product/1/69.jpg,product/1/70.jpg','黑色',NULL,'韩版休闲旅行双肩包书包学生牛皮电脑包男士运动背包时尚男包潮包',20,12,5756),(87,'男童装',198,'product/1/71.jpg,product/1/72.jpg,product/1/73.jpg,product/1/74.jpg,product/1/75.jpg','白色','130','童装男童夏装2019新款套装儿童洋气夏季短袖两件套帅气小童韩版潮',20,13,3753),(88,'男童装',179,'product/1/76.jpg,product/1/77.jpg,product/1/78.jpg,product/1/79.jpg,product/1/80.jpg','白色','130','男童夏装2019新款套装儿童夏季童装洋气短袖两件套宝宝帅气韩版潮',20,13,636),(89,'女童装',259,'product/1/81.jpg,product/1/82.jpg,product/1/83.jpg,product/1/84.jpg,product/1/85.jpg','白色','140','女童装夏季套装2019新款洋气运动中大童12夏装女孩15岁休闲女装13',20,14,675),(90,'女童装',199,'product/1/86.jpg,product/1/87.jpg,product/1/88.jpg,product/1/89.jpg,product/1/90.jpg','白色','140','女童背带裤套装夏装2019新款年网红儿童洋气时髦夏季中大童童装潮',20,14,335),(91,'男鞋',2499,'product/1/91.jpg,product/1/92.jpg,product/1/93.jpg,product/1/94.jpg,product/1/95.jpg','白色','41','阿迪达斯官方 adidas alphaedge 4D m 男子跑步运动鞋CG5526',20,15,675),(92,'男鞋',2949,'product/1/96.jpg,product/1/97.jpg,product/1/98.jpg,product/1/99.jpg,product/1/100.jpg','白色','41','阿迪达斯男鞋女Yeezy 350 V2白斑马椰子白冰激凌纯白跑步鞋CP9366',20,15,868),(93,'女鞋',399,'product/1/101.jpg,product/1/102.jpg,product/1/103.jpg,product/1/104.jpg,product/1/105.jpg','白色','37','如熙松糕凉鞋女2019新款夏季百搭ins潮鞋复古罗马网红学生仙女风',20,16,3657),(94,'女鞋',499,'product/1/106.jpg,product/1/107.jpg,product/1/108.jpg,product/1/109.jpg,product/1/110.jpg','白色','37','2019新款夏款百搭老爹鞋女ins潮鞋夏季休闲透气网面运动厚底小白',20,16,67),(95,'童鞋',299,'product/1/111.jpg,product/1/112.jpg,product/1/113.jpg,product/1/114.jpg,product/1/115.jpg','白色','27','男童运动鞋2019新款夏季男孩夏童鞋夏款网面透气网鞋儿童椰子鞋子',20,17,3567),(96,'童鞋',399,'product/1/116.jpg,product/1/117.jpg,product/1/118.jpg,product/1/119.jpg,product/1/120.jpg','白色','27','童鞋女童小白鞋2019新款夏季鞋子儿童运动鞋女孩春秋透气网面网鞋',20,17,56753),(97,'女裤',129,'product/1/1.jpg,product/1/2.jpg,product/1/3.jpg,product/1/4.jpg,product/1/5.jpg','浅蓝','XL','美特斯邦威牛仔裤女2019新款韩版休闲直筒萝卜裤宽松bf泫雅老爹裤',7,7,3567),(98,'女裤',49,'product/1/6.jpg,product/1/7.jpg,product/1/8.jpg,product/1/9.jpg,product/1/10.jpg','黑色','XL','美特斯邦威牛仔裤女2019新款韩版休闲直筒萝卜裤宽松bf泫雅老爹裤',26,7,65),(99,'女衣',39,'product/1/11.jpg,product/1/12.jpg,product/1/13.jpg,product/1/14.jpg,product/1/15.jpg','白色','XL','衣服女韩版2019新款夏装宽松港风t恤女短袖ins潮大码中长款打底衫',13,6,365),(100,'女衣',79,'product/1/16.jpg,product/1/17.jpg,product/1/18.jpg,product/1/19.jpg,product/1/20.jpg','黑色','XL','透明网纱网状镂空薄纱网纱t恤女装薄性感打底衫大码黑纱透视上衣',33,6,653),(101,'裙装',1380,'product/1/21.jpg,product/1/22.jpg,product/1/23.jpg,product/1/24.jpg,product/1/25.jpg','黑色','XL','日本代购thom browne19夏款短裙高腰百褶裙TB西装套装半身裙A字裙',55,8,3523235),(102,'裙装',259,'product/1/26.jpg,product/1/27.jpg,product/1/28.jpg,product/1/29.jpg,product/1/30.jpg','浅蓝','XL','韩国破洞牛仔短裙女2019新款夏浅色高腰网红ins超火包臀a字半身裙',30,8,745645),(103,'男衣',99,'product/1/31.jpg,product/1/32.jpg,product/1/33.jpg,product/1/34.jpg,product/1/35.jpg','蓝色','XXL','花花公子夏季短袖T恤男士韩版圆领薄款半袖青少年纯棉潮流条纹t恤',20,9,567),(104,'男衣',129,'product/1/36.jpg,product/1/37.jpg,product/1/38.jpg,product/1/39.jpg,product/1/40.jpg','粉色','XXL','南极人夏季粉色男士短袖t恤韩版2019新款潮牌港风潮流ins纯棉半袖',20,9,565),(105,'男裤',139,'product/1/41.jpg,product/1/42.jpg,product/1/43.jpg,product/1/44.jpg,product/1/45.jpg','黑色','XXL','花花公子长裤子男韩版潮流夏季冰丝薄款休闲裤运动裤修身帅气百搭',20,10,55),(106,'男裤',259,'product/1/46.jpg,product/1/47.jpg,product/1/48.jpg,product/1/49.jpg,product/1/50.jpg','灰色','XXL','休闲裤男2019夏季薄款韩版潮牌青年白杆条纹宽松直筒百搭运动长裤',20,10,58568),(107,'女士包包',1250,'product/1/51.jpg,product/1/52.jpg,product/1/53.jpg,product/1/54.jpg,product/1/55.jpg','黑色',NULL,'春夏款正品代购pinko女包飞鸟压花印花徽章勋章大小号链条燕子包',20,11,788),(108,'女士包包',319,'product/1/56.jpg,product/1/57.jpg,product/1/58.jpg,product/1/59.jpg,product/1/60.jpg','格纹',NULL,'香港代购ins超火迷你双肩包女新款单肩背包仙女包百搭格纹小包包',20,11,67856),(109,'男士包包',498,'product/1/61.jpg,product/1/62.jpg,product/1/63.jpg,product/1/64.jpg,product/1/65.jpg','黑色',NULL,'正品卓梵 阿玛尼男包名牌男士手提包横款真皮单肩电脑包牛皮商务',20,12,546),(110,'男士包包',398,'product/1/66.jpg,product/1/67.jpg,product/1/68.jpg,product/1/69.jpg,product/1/70.jpg','黑色',NULL,'韩版休闲旅行双肩包书包学生牛皮电脑包男士运动背包时尚男包潮包',20,12,564),(111,'男童装',198,'product/1/71.jpg,product/1/72.jpg,product/1/73.jpg,product/1/74.jpg,product/1/75.jpg','白色','130','童装男童夏装2019新款套装儿童洋气夏季短袖两件套帅气小童韩版潮',20,13,6454),(112,'男童装',179,'product/1/76.jpg,product/1/77.jpg,product/1/78.jpg,product/1/79.jpg,product/1/80.jpg','白色','130','男童夏装2019新款套装儿童夏季童装洋气短袖两件套宝宝帅气韩版潮',20,13,564),(113,'女童装',259,'product/1/81.jpg,product/1/82.jpg,product/1/83.jpg,product/1/84.jpg,product/1/85.jpg','白色','140','女童装夏季套装2019新款洋气运动中大童12夏装女孩15岁休闲女装13',20,14,5645),(114,'女童装',199,'product/1/86.jpg,product/1/87.jpg,product/1/88.jpg,product/1/89.jpg,product/1/90.jpg','白色','140','女童背带裤套装夏装2019新款年网红儿童洋气时髦夏季中大童童装潮',20,14,464),(115,'男鞋',2499,'product/1/91.jpg,product/1/92.jpg,product/1/93.jpg,product/1/94.jpg,product/1/95.jpg','白色','41','阿迪达斯官方 adidas alphaedge 4D m 男子跑步运动鞋CG5526',20,15,564),(116,'男鞋',2949,'product/1/96.jpg,product/1/97.jpg,product/1/98.jpg,product/1/99.jpg,product/1/100.jpg','白色','41','阿迪达斯男鞋女Yeezy 350 V2白斑马椰子白冰激凌纯白跑步鞋CP9366',20,15,45654),(117,'女鞋',399,'product/1/101.jpg,product/1/102.jpg,product/1/103.jpg,product/1/104.jpg,product/1/105.jpg','白色','37','如熙松糕凉鞋女2019新款夏季百搭ins潮鞋复古罗马网红学生仙女风',20,16,645),(118,'女鞋',499,'product/1/106.jpg,product/1/107.jpg,product/1/108.jpg,product/1/109.jpg,product/1/110.jpg','白色','37','2019新款夏款百搭老爹鞋女ins潮鞋夏季休闲透气网面运动厚底小白',20,16,454),(119,'童鞋',299,'product/1/111.jpg,product/1/112.jpg,product/1/113.jpg,product/1/114.jpg,product/1/115.jpg','白色','27','男童运动鞋2019新款夏季男孩夏童鞋夏款网面透气网鞋儿童椰子鞋子',20,17,5645),(120,'童鞋',399,'product/1/116.jpg,product/1/117.jpg,product/1/118.jpg,product/1/119.jpg,product/1/120.jpg','白色','27','童鞋女童小白鞋2019新款夏季鞋子儿童运动鞋女孩春秋透气网面网鞋',20,17,564),(121,'女裤',129,'product/1/1.jpg,product/1/2.jpg,product/1/3.jpg,product/1/4.jpg,product/1/5.jpg','浅蓝','XL','美特斯邦威牛仔裤女2019新款韩版休闲直筒萝卜裤宽松bf泫雅老爹裤',7,7,54),(122,'女裤',49,'product/1/6.jpg,product/1/7.jpg,product/1/8.jpg,product/1/9.jpg,product/1/10.jpg','黑色','XL','美特斯邦威牛仔裤女2019新款韩版休闲直筒萝卜裤宽松bf泫雅老爹裤',26,7,546),(123,'女衣',39,'product/1/11.jpg,product/1/12.jpg,product/1/13.jpg,product/1/14.jpg,product/1/15.jpg','白色','XL','衣服女韩版2019新款夏装宽松港风t恤女短袖ins潮大码中长款打底衫',13,6,454),(124,'女衣',79,'product/1/16.jpg,product/1/17.jpg,product/1/18.jpg,product/1/19.jpg,product/1/20.jpg','黑色','XL','透明网纱网状镂空薄纱网纱t恤女装薄性感打底衫大码黑纱透视上衣',33,6,5464),(125,'裙装',1380,'product/1/21.jpg,product/1/22.jpg,product/1/23.jpg,product/1/24.jpg,product/1/25.jpg','黑色','XL','日本代购thom browne19夏款短裙高腰百褶裙TB西装套装半身裙A字裙',55,8,456),(126,'裙装',259,'product/1/26.jpg,product/1/27.jpg,product/1/28.jpg,product/1/29.jpg,product/1/30.jpg','浅蓝','XL','韩国破洞牛仔短裙女2019新款夏浅色高腰网红ins超火包臀a字半身裙',30,8,454),(127,'男衣',99,'product/1/31.jpg,product/1/32.jpg,product/1/33.jpg,product/1/34.jpg,product/1/35.jpg','蓝色','XXL','花花公子夏季短袖T恤男士韩版圆领薄款半袖青少年纯棉潮流条纹t恤',20,9,8769),(128,'男衣',129,'product/1/36.jpg,product/1/37.jpg,product/1/38.jpg,product/1/39.jpg,product/1/40.jpg','粉色','XXL','南极人夏季粉色男士短袖t恤韩版2019新款潮牌港风潮流ins纯棉半袖',20,9,456),(129,'男裤',139,'product/1/41.jpg,product/1/42.jpg,product/1/43.jpg,product/1/44.jpg,product/1/45.jpg','黑色','XXL','花花公子长裤子男韩版潮流夏季冰丝薄款休闲裤运动裤修身帅气百搭',20,10,78),(130,'男裤',259,'product/1/46.jpg,product/1/47.jpg,product/1/48.jpg,product/1/49.jpg,product/1/50.jpg','灰色','XXL','休闲裤男2019夏季薄款韩版潮牌青年白杆条纹宽松直筒百搭运动长裤',20,10,789),(131,'女士包包',1250,'product/1/51.jpg,product/1/52.jpg,product/1/53.jpg,product/1/54.jpg,product/1/55.jpg','黑色',NULL,'春夏款正品代购pinko女包飞鸟压花印花徽章勋章大小号链条燕子包',20,11,796),(132,'女士包包',319,'product/1/56.jpg,product/1/57.jpg,product/1/58.jpg,product/1/59.jpg,product/1/60.jpg','格纹',NULL,'香港代购ins超火迷你双肩包女新款单肩背包仙女包百搭格纹小包包',20,11,786),(133,'男士包包',498,'product/1/61.jpg,product/1/62.jpg,product/1/63.jpg,product/1/64.jpg,product/1/65.jpg','黑色',NULL,'正品卓梵 阿玛尼男包名牌男士手提包横款真皮单肩电脑包牛皮商务',20,12,679),(134,'男士包包',398,'product/1/66.jpg,product/1/67.jpg,product/1/68.jpg,product/1/69.jpg,product/1/70.jpg','黑色',NULL,'韩版休闲旅行双肩包书包学生牛皮电脑包男士运动背包时尚男包潮包',20,12,789),(135,'男童装',198,'product/1/71.jpg,product/1/72.jpg,product/1/73.jpg,product/1/74.jpg,product/1/75.jpg','白色','130','童装男童夏装2019新款套装儿童洋气夏季短袖两件套帅气小童韩版潮',20,13,7689),(136,'男童装',179,'product/1/76.jpg,product/1/77.jpg,product/1/78.jpg,product/1/79.jpg,product/1/80.jpg','白色','130','男童夏装2019新款套装儿童夏季童装洋气短袖两件套宝宝帅气韩版潮',20,13,7689),(137,'女童装',259,'product/1/81.jpg,product/1/82.jpg,product/1/83.jpg,product/1/84.jpg,product/1/85.jpg','白色','140','女童装夏季套装2019新款洋气运动中大童12夏装女孩15岁休闲女装13',20,14,798),(138,'女童装',199,'product/1/86.jpg,product/1/87.jpg,product/1/88.jpg,product/1/89.jpg,product/1/90.jpg','白色','140','女童背带裤套装夏装2019新款年网红儿童洋气时髦夏季中大童童装潮',20,14,67),(139,'男鞋',2499,'product/1/91.jpg,product/1/92.jpg,product/1/93.jpg,product/1/94.jpg,product/1/95.jpg','白色','41','阿迪达斯官方 adidas alphaedge 4D m 男子跑步运动鞋CG5526',20,15,69),(140,'男鞋',2949,'product/1/96.jpg,product/1/97.jpg,product/1/98.jpg,product/1/99.jpg,product/1/100.jpg','白色','41','阿迪达斯男鞋女Yeezy 350 V2白斑马椰子白冰激凌纯白跑步鞋CP9366',20,15,786),(141,'女鞋',399,'product/1/101.jpg,product/1/102.jpg,product/1/103.jpg,product/1/104.jpg,product/1/105.jpg','白色','37','如熙松糕凉鞋女2019新款夏季百搭ins潮鞋复古罗马网红学生仙女风',20,16,6789),(142,'女鞋',499,'product/1/106.jpg,product/1/107.jpg,product/1/108.jpg,product/1/109.jpg,product/1/110.jpg','白色','37','2019新款夏款百搭老爹鞋女ins潮鞋夏季休闲透气网面运动厚底小白',20,16,67),(143,'童鞋',299,'product/1/111.jpg,product/1/112.jpg,product/1/113.jpg,product/1/114.jpg,product/1/115.jpg','白色','27','男童运动鞋2019新款夏季男孩夏童鞋夏款网面透气网鞋儿童椰子鞋子',20,17,769),(144,'童鞋',399,'product/1/116.jpg,product/1/117.jpg,product/1/118.jpg,product/1/119.jpg,product/1/120.jpg','白色','27','童鞋女童小白鞋2019新款夏季鞋子儿童运动鞋女孩春秋透气网面网鞋',20,17,96),(145,'女裤',129,'product/1/1.jpg,product/1/2.jpg,product/1/3.jpg,product/1/4.jpg,product/1/5.jpg','浅蓝','XL','美特斯邦威牛仔裤女2019新款韩版休闲直筒萝卜裤宽松bf泫雅老爹裤',7,7,678),(146,'女裤',49,'product/1/6.jpg,product/1/7.jpg,product/1/8.jpg,product/1/9.jpg,product/1/10.jpg','黑色','XL','美特斯邦威牛仔裤女2019新款韩版休闲直筒萝卜裤宽松bf泫雅老爹裤',26,7,7),(147,'女衣',39,'product/1/11.jpg,product/1/12.jpg,product/1/13.jpg,product/1/14.jpg,product/1/15.jpg','白色','XL','衣服女韩版2019新款夏装宽松港风t恤女短袖ins潮大码中长款打底衫',13,6,769),(148,'女衣',79,'product/1/16.jpg,product/1/17.jpg,product/1/18.jpg,product/1/19.jpg,product/1/20.jpg','黑色','XL','透明网纱网状镂空薄纱网纱t恤女装薄性感打底衫大码黑纱透视上衣',33,6,789),(149,'裙装',1380,'product/1/21.jpg,product/1/22.jpg,product/1/23.jpg,product/1/24.jpg,product/1/25.jpg','黑色','XL','日本代购thom browne19夏款短裙高腰百褶裙TB西装套装半身裙A字裙',55,8,79),(150,'裙装',259,'product/1/26.jpg,product/1/27.jpg,product/1/28.jpg,product/1/29.jpg,product/1/30.jpg','浅蓝','XL','韩国破洞牛仔短裙女2019新款夏浅色高腰网红ins超火包臀a字半身裙',30,8,789),(151,'男衣',99,'product/1/31.jpg,product/1/32.jpg,product/1/33.jpg,product/1/34.jpg,product/1/35.jpg','蓝色','XXL','花花公子夏季短袖T恤男士韩版圆领薄款半袖青少年纯棉潮流条纹t恤',20,9,78),(152,'男衣',129,'product/1/36.jpg,product/1/37.jpg,product/1/38.jpg,product/1/39.jpg,product/1/40.jpg','粉色','XXL','南极人夏季粉色男士短袖t恤韩版2019新款潮牌港风潮流ins纯棉半袖',20,9,78),(153,'男裤',139,'product/1/41.jpg,product/1/42.jpg,product/1/43.jpg,product/1/44.jpg,product/1/45.jpg','黑色','XXL','花花公子长裤子男韩版潮流夏季冰丝薄款休闲裤运动裤修身帅气百搭',20,10,78),(154,'男裤',259,'product/1/46.jpg,product/1/47.jpg,product/1/48.jpg,product/1/49.jpg,product/1/50.jpg','灰色','XXL','休闲裤男2019夏季薄款韩版潮牌青年白杆条纹宽松直筒百搭运动长裤',20,10,789),(155,'女士包包',1250,'product/1/51.jpg,product/1/52.jpg,product/1/53.jpg,product/1/54.jpg,product/1/55.jpg','黑色',NULL,'春夏款正品代购pinko女包飞鸟压花印花徽章勋章大小号链条燕子包',20,11,789),(156,'女士包包',319,'product/1/56.jpg,product/1/57.jpg,product/1/58.jpg,product/1/59.jpg,product/1/60.jpg','格纹',NULL,'香港代购ins超火迷你双肩包女新款单肩背包仙女包百搭格纹小包包',20,11,7),(157,'男士包包',498,'product/1/61.jpg,product/1/62.jpg,product/1/63.jpg,product/1/64.jpg,product/1/65.jpg','黑色',NULL,'正品卓梵 阿玛尼男包名牌男士手提包横款真皮单肩电脑包牛皮商务',20,12,789),(158,'男士包包',398,'product/1/66.jpg,product/1/67.jpg,product/1/68.jpg,product/1/69.jpg,product/1/70.jpg','黑色',NULL,'韩版休闲旅行双肩包书包学生牛皮电脑包男士运动背包时尚男包潮包',20,12,789),(159,'男童装',198,'product/1/71.jpg,product/1/72.jpg,product/1/73.jpg,product/1/74.jpg,product/1/75.jpg','白色','130','童装男童夏装2019新款套装儿童洋气夏季短袖两件套帅气小童韩版潮',20,13,789),(160,'男童装',179,'product/1/76.jpg,product/1/77.jpg,product/1/78.jpg,product/1/79.jpg,product/1/80.jpg','白色','130','男童夏装2019新款套装儿童夏季童装洋气短袖两件套宝宝帅气韩版潮',20,13,7878),(161,'女童装',259,'product/1/81.jpg,product/1/82.jpg,product/1/83.jpg,product/1/84.jpg,product/1/85.jpg','白色','140','女童装夏季套装2019新款洋气运动中大童12夏装女孩15岁休闲女装13',20,14,7978),(162,'女童装',199,'product/1/86.jpg,product/1/87.jpg,product/1/88.jpg,product/1/89.jpg,product/1/90.jpg','白色','140','女童背带裤套装夏装2019新款年网红儿童洋气时髦夏季中大童童装潮',20,14,678),(163,'男鞋',2499,'product/1/91.jpg,product/1/92.jpg,product/1/93.jpg,product/1/94.jpg,product/1/95.jpg','白色','41','阿迪达斯官方 adidas alphaedge 4D m 男子跑步运动鞋CG5526',20,15,879),(164,'男鞋',2949,'product/1/96.jpg,product/1/97.jpg,product/1/98.jpg,product/1/99.jpg,product/1/100.jpg','白色','41','阿迪达斯男鞋女Yeezy 350 V2白斑马椰子白冰激凌纯白跑步鞋CP9366',20,15,7887),(165,'女鞋',399,'product/1/101.jpg,product/1/102.jpg,product/1/103.jpg,product/1/104.jpg,product/1/105.jpg','白色','37','如熙松糕凉鞋女2019新款夏季百搭ins潮鞋复古罗马网红学生仙女风',20,16,78),(166,'女鞋',499,'product/1/106.jpg,product/1/107.jpg,product/1/108.jpg,product/1/109.jpg,product/1/110.jpg','白色','37','2019新款夏款百搭老爹鞋女ins潮鞋夏季休闲透气网面运动厚底小白',20,16,7),(167,'童鞋',299,'product/1/111.jpg,product/1/112.jpg,product/1/113.jpg,product/1/114.jpg,product/1/115.jpg','白色','27','男童运动鞋2019新款夏季男孩夏童鞋夏款网面透气网鞋儿童椰子鞋子',20,17,7897),(168,'童鞋',399,'product/1/116.jpg,product/1/117.jpg,product/1/118.jpg,product/1/119.jpg,product/1/120.jpg','白色','27','童鞋女童小白鞋2019新款夏季鞋子儿童运动鞋女孩春秋透气网面网鞋',20,17,7989),(169,'女裤',129,'product/1/1.jpg,product/1/2.jpg,product/1/3.jpg,product/1/4.jpg,product/1/5.jpg','浅蓝','XL','美特斯邦威牛仔裤女2019新款韩版休闲直筒萝卜裤宽松bf泫雅老爹裤',7,7,7),(170,'女裤',49,'product/1/6.jpg,product/1/7.jpg,product/1/8.jpg,product/1/9.jpg,product/1/10.jpg','黑色','XL','美特斯邦威牛仔裤女2019新款韩版休闲直筒萝卜裤宽松bf泫雅老爹裤',26,7,87),(171,'女衣',39,'product/1/11.jpg,product/1/12.jpg,product/1/13.jpg,product/1/14.jpg,product/1/15.jpg','白色','XL','衣服女韩版2019新款夏装宽松港风t恤女短袖ins潮大码中长款打底衫',13,6,89),(172,'女衣',79,'product/1/16.jpg,product/1/17.jpg,product/1/18.jpg,product/1/19.jpg,product/1/20.jpg','黑色','XL','透明网纱网状镂空薄纱网纱t恤女装薄性感打底衫大码黑纱透视上衣',33,6,78),(173,'裙装',1380,'product/1/21.jpg,product/1/22.jpg,product/1/23.jpg,product/1/24.jpg,product/1/25.jpg','黑色','XL','日本代购thom browne19夏款短裙高腰百褶裙TB西装套装半身裙A字裙',55,8,78),(174,'裙装',259,'product/1/26.jpg,product/1/27.jpg,product/1/28.jpg,product/1/29.jpg,product/1/30.jpg','浅蓝','XL','韩国破洞牛仔短裙女2019新款夏浅色高腰网红ins超火包臀a字半身裙',30,8,8),(175,'男衣',99,'product/1/31.jpg,product/1/32.jpg,product/1/33.jpg,product/1/34.jpg,product/1/35.jpg','蓝色','XXL','花花公子夏季短袖T恤男士韩版圆领薄款半袖青少年纯棉潮流条纹t恤',20,9,879),(176,'男衣',129,'product/1/36.jpg,product/1/37.jpg,product/1/38.jpg,product/1/39.jpg,product/1/40.jpg','粉色','XXL','南极人夏季粉色男士短袖t恤韩版2019新款潮牌港风潮流ins纯棉半袖',20,9,8797),(177,'男裤',139,'product/1/41.jpg,product/1/42.jpg,product/1/43.jpg,product/1/44.jpg,product/1/45.jpg','黑色','XXL','花花公子长裤子男韩版潮流夏季冰丝薄款休闲裤运动裤修身帅气百搭',20,10,89),(178,'男裤',259,'product/1/46.jpg,product/1/47.jpg,product/1/48.jpg,product/1/49.jpg,product/1/50.jpg','灰色','XXL','休闲裤男2019夏季薄款韩版潮牌青年白杆条纹宽松直筒百搭运动长裤',20,10,789),(179,'女士包包',1250,'product/1/51.jpg,product/1/52.jpg,product/1/53.jpg,product/1/54.jpg,product/1/55.jpg','黑色',NULL,'春夏款正品代购pinko女包飞鸟压花印花徽章勋章大小号链条燕子包',20,11,78),(180,'女士包包',319,'product/1/56.jpg,product/1/57.jpg,product/1/58.jpg,product/1/59.jpg,product/1/60.jpg','格纹',NULL,'香港代购ins超火迷你双肩包女新款单肩背包仙女包百搭格纹小包包',20,11,789),(181,'男士包包',498,'product/1/61.jpg,product/1/62.jpg,product/1/63.jpg,product/1/64.jpg,product/1/65.jpg','黑色',NULL,'正品卓梵 阿玛尼男包名牌男士手提包横款真皮单肩电脑包牛皮商务',20,12,789),(182,'男士包包',398,'product/1/66.jpg,product/1/67.jpg,product/1/68.jpg,product/1/69.jpg,product/1/70.jpg','黑色',NULL,'韩版休闲旅行双肩包书包学生牛皮电脑包男士运动背包时尚男包潮包',20,12,789),(183,'男童装',198,'product/1/71.jpg,product/1/72.jpg,product/1/73.jpg,product/1/74.jpg,product/1/75.jpg','白色','130','童装男童夏装2019新款套装儿童洋气夏季短袖两件套帅气小童韩版潮',20,13,789),(184,'男童装',179,'product/1/76.jpg,product/1/77.jpg,product/1/78.jpg,product/1/79.jpg,product/1/80.jpg','白色','130','男童夏装2019新款套装儿童夏季童装洋气短袖两件套宝宝帅气韩版潮',20,13,78),(185,'女童装',259,'product/1/81.jpg,product/1/82.jpg,product/1/83.jpg,product/1/84.jpg,product/1/85.jpg','白色','140','女童装夏季套装2019新款洋气运动中大童12夏装女孩15岁休闲女装13',20,14,9558),(186,'女童装',199,'product/1/86.jpg,product/1/87.jpg,product/1/88.jpg,product/1/89.jpg,product/1/90.jpg','白色','140','女童背带裤套装夏装2019新款年网红儿童洋气时髦夏季中大童童装潮',20,14,875),(187,'男鞋',2499,'product/1/91.jpg,product/1/92.jpg,product/1/93.jpg,product/1/94.jpg,product/1/95.jpg','白色','41','阿迪达斯官方 adidas alphaedge 4D m 男子跑步运动鞋CG5526',20,15,898),(188,'男鞋',2949,'product/1/96.jpg,product/1/97.jpg,product/1/98.jpg,product/1/99.jpg,product/1/100.jpg','白色','41','阿迪达斯男鞋女Yeezy 350 V2白斑马椰子白冰激凌纯白跑步鞋CP9366',20,15,578),(189,'女鞋',399,'product/1/101.jpg,product/1/102.jpg,product/1/103.jpg,product/1/104.jpg,product/1/105.jpg','白色','37','如熙松糕凉鞋女2019新款夏季百搭ins潮鞋复古罗马网红学生仙女风',20,16,987),(190,'女鞋',499,'product/1/106.jpg,product/1/107.jpg,product/1/108.jpg,product/1/109.jpg,product/1/110.jpg','白色','37','2019新款夏款百搭老爹鞋女ins潮鞋夏季休闲透气网面运动厚底小白',20,16,587),(191,'童鞋',299,'product/1/111.jpg,product/1/112.jpg,product/1/113.jpg,product/1/114.jpg,product/1/115.jpg','白色','27','男童运动鞋2019新款夏季男孩夏童鞋夏款网面透气网鞋儿童椰子鞋子',20,17,59),(192,'童鞋',399,'product/1/116.jpg,product/1/117.jpg,product/1/118.jpg,product/1/119.jpg,product/1/120.jpg','白色','27','童鞋女童小白鞋2019新款夏季鞋子儿童运动鞋女孩春秋透气网面网鞋',20,17,589),(193,'女裤',129,'product/1/1.jpg,product/1/2.jpg,product/1/3.jpg,product/1/4.jpg,product/1/5.jpg','浅蓝','XL','美特斯邦威牛仔裤女2019新款韩版休闲直筒萝卜裤宽松bf泫雅老爹裤',7,7,7589),(194,'女裤',49,'product/1/6.jpg,product/1/7.jpg,product/1/8.jpg,product/1/9.jpg,product/1/10.jpg','黑色','XL','美特斯邦威牛仔裤女2019新款韩版休闲直筒萝卜裤宽松bf泫雅老爹裤',26,7,598),(195,'女衣',39,'product/1/11.jpg,product/1/12.jpg,product/1/13.jpg,product/1/14.jpg,product/1/15.jpg','白色','XL','衣服女韩版2019新款夏装宽松港风t恤女短袖ins潮大码中长款打底衫',13,6,789),(196,'女衣',79,'product/1/16.jpg,product/1/17.jpg,product/1/18.jpg,product/1/19.jpg,product/1/20.jpg','黑色','XL','透明网纱网状镂空薄纱网纱t恤女装薄性感打底衫大码黑纱透视上衣',33,6,7897),(197,'裙装',1380,'product/1/21.jpg,product/1/22.jpg,product/1/23.jpg,product/1/24.jpg,product/1/25.jpg','黑色','XL','日本代购thom browne19夏款短裙高腰百褶裙TB西装套装半身裙A字裙',55,8,545),(198,'裙装',259,'product/1/26.jpg,product/1/27.jpg,product/1/28.jpg,product/1/29.jpg,product/1/30.jpg','浅蓝','XL','韩国破洞牛仔短裙女2019新款夏浅色高腰网红ins超火包臀a字半身裙',30,8,99),(199,'男衣',99,'product/1/31.jpg,product/1/32.jpg,product/1/33.jpg,product/1/34.jpg,product/1/35.jpg','蓝色','XXL','花花公子夏季短袖T恤男士韩版圆领薄款半袖青少年纯棉潮流条纹t恤',20,9,78),(200,'男衣',129,'product/1/36.jpg,product/1/37.jpg,product/1/38.jpg,product/1/39.jpg,product/1/40.jpg','粉色','XXL','南极人夏季粉色男士短袖t恤韩版2019新款潮牌港风潮流ins纯棉半袖',20,9,78),(201,'男裤',139,'product/1/41.jpg,product/1/42.jpg,product/1/43.jpg,product/1/44.jpg,product/1/45.jpg','黑色','XXL','花花公子长裤子男韩版潮流夏季冰丝薄款休闲裤运动裤修身帅气百搭',20,10,678),(202,'男裤',259,'product/1/46.jpg,product/1/47.jpg,product/1/48.jpg,product/1/49.jpg,product/1/50.jpg','灰色','XXL','休闲裤男2019夏季薄款韩版潮牌青年白杆条纹宽松直筒百搭运动长裤',20,10,67),(203,'女士包包',1250,'product/1/51.jpg,product/1/52.jpg,product/1/53.jpg,product/1/54.jpg,product/1/55.jpg','黑色',NULL,'春夏款正品代购pinko女包飞鸟压花印花徽章勋章大小号链条燕子包',20,11,867),(204,'女士包包',319,'product/1/56.jpg,product/1/57.jpg,product/1/58.jpg,product/1/59.jpg,product/1/60.jpg','格纹',NULL,'香港代购ins超火迷你双肩包女新款单肩背包仙女包百搭格纹小包包',20,11,8678),(205,'男士包包',498,'product/1/61.jpg,product/1/62.jpg,product/1/63.jpg,product/1/64.jpg,product/1/65.jpg','黑色',NULL,'正品卓梵 阿玛尼男包名牌男士手提包横款真皮单肩电脑包牛皮商务',20,12,9),(206,'男士包包',398,'product/1/66.jpg,product/1/67.jpg,product/1/68.jpg,product/1/69.jpg,product/1/70.jpg','黑色',NULL,'韩版休闲旅行双肩包书包学生牛皮电脑包男士运动背包时尚男包潮包',20,12,787),(207,'男童装',198,'product/1/71.jpg,product/1/72.jpg,product/1/73.jpg,product/1/74.jpg,product/1/75.jpg','白色','130','童装男童夏装2019新款套装儿童洋气夏季短袖两件套帅气小童韩版潮',20,13,8978),(208,'男童装',179,'product/1/76.jpg,product/1/77.jpg,product/1/78.jpg,product/1/79.jpg,product/1/80.jpg','白色','130','男童夏装2019新款套装儿童夏季童装洋气短袖两件套宝宝帅气韩版潮',20,13,96),(209,'女童装',259,'product/1/81.jpg,product/1/82.jpg,product/1/83.jpg,product/1/84.jpg,product/1/85.jpg','白色','140','女童装夏季套装2019新款洋气运动中大童12夏装女孩15岁休闲女装13',20,14,7867),(210,'女童装',199,'product/1/86.jpg,product/1/87.jpg,product/1/88.jpg,product/1/89.jpg,product/1/90.jpg','白色','140','女童背带裤套装夏装2019新款年网红儿童洋气时髦夏季中大童童装潮',20,14,8768),(211,'男鞋',2499,'product/1/91.jpg,product/1/92.jpg,product/1/93.jpg,product/1/94.jpg,product/1/95.jpg','白色','41','阿迪达斯官方 adidas alphaedge 4D m 男子跑步运动鞋CG5526',20,15,78),(212,'男鞋',2949,'product/1/96.jpg,product/1/97.jpg,product/1/98.jpg,product/1/99.jpg,product/1/100.jpg','白色','41','阿迪达斯男鞋女Yeezy 350 V2白斑马椰子白冰激凌纯白跑步鞋CP9366',20,15,6786),(213,'女鞋',399,'product/1/101.jpg,product/1/102.jpg,product/1/103.jpg,product/1/104.jpg,product/1/105.jpg','白色','37','如熙松糕凉鞋女2019新款夏季百搭ins潮鞋复古罗马网红学生仙女风',20,16,67),(214,'女鞋',499,'product/1/106.jpg,product/1/107.jpg,product/1/108.jpg,product/1/109.jpg,product/1/110.jpg','白色','37','2019新款夏款百搭老爹鞋女ins潮鞋夏季休闲透气网面运动厚底小白',20,16,678),(215,'童鞋',299,'product/1/111.jpg,product/1/112.jpg,product/1/113.jpg,product/1/114.jpg,product/1/115.jpg','白色','27','男童运动鞋2019新款夏季男孩夏童鞋夏款网面透气网鞋儿童椰子鞋子',20,17,768),(216,'童鞋',399,'product/1/116.jpg,product/1/117.jpg,product/1/118.jpg,product/1/119.jpg,product/1/120.jpg','白色','27','童鞋女童小白鞋2019新款夏季鞋子儿童运动鞋女孩春秋透气网面网鞋',20,17,768),(217,'女裤',129,'product/1/1.jpg,product/1/2.jpg,product/1/3.jpg,product/1/4.jpg,product/1/5.jpg','浅蓝','XL','美特斯邦威牛仔裤女2019新款韩版休闲直筒萝卜裤宽松bf泫雅老爹裤',7,7,67867),(218,'女裤',49,'product/1/6.jpg,product/1/7.jpg,product/1/8.jpg,product/1/9.jpg,product/1/10.jpg','黑色','XL','美特斯邦威牛仔裤女2019新款韩版休闲直筒萝卜裤宽松bf泫雅老爹裤',26,7,89),(219,'女衣',39,'product/1/11.jpg,product/1/12.jpg,product/1/13.jpg,product/1/14.jpg,product/1/15.jpg','白色','XL','衣服女韩版2019新款夏装宽松港风t恤女短袖ins潮大码中长款打底衫',13,6,78),(220,'女衣',79,'product/1/16.jpg,product/1/17.jpg,product/1/18.jpg,product/1/19.jpg,product/1/20.jpg','黑色','XL','透明网纱网状镂空薄纱网纱t恤女装薄性感打底衫大码黑纱透视上衣',33,6,7897),(221,'裙装',1380,'product/1/21.jpg,product/1/22.jpg,product/1/23.jpg,product/1/24.jpg,product/1/25.jpg','黑色','XL','日本代购thom browne19夏款短裙高腰百褶裙TB西装套装半身裙A字裙',55,8,897),(222,'裙装',259,'product/1/26.jpg,product/1/27.jpg,product/1/28.jpg,product/1/29.jpg,product/1/30.jpg','浅蓝','XL','韩国破洞牛仔短裙女2019新款夏浅色高腰网红ins超火包臀a字半身裙',30,8,89),(223,'男衣',99,'product/1/31.jpg,product/1/32.jpg,product/1/33.jpg,product/1/34.jpg,product/1/35.jpg','蓝色','XXL','花花公子夏季短袖T恤男士韩版圆领薄款半袖青少年纯棉潮流条纹t恤',20,9,7867),(224,'男衣',129,'product/1/36.jpg,product/1/37.jpg,product/1/38.jpg,product/1/39.jpg,product/1/40.jpg','粉色','XXL','南极人夏季粉色男士短袖t恤韩版2019新款潮牌港风潮流ins纯棉半袖',20,9,87),(225,'男裤',139,'product/1/41.jpg,product/1/42.jpg,product/1/43.jpg,product/1/44.jpg,product/1/45.jpg','黑色','XXL','花花公子长裤子男韩版潮流夏季冰丝薄款休闲裤运动裤修身帅气百搭',20,10,68678),(226,'男裤',259,'product/1/46.jpg,product/1/47.jpg,product/1/48.jpg,product/1/49.jpg,product/1/50.jpg','灰色','XXL','休闲裤男2019夏季薄款韩版潮牌青年白杆条纹宽松直筒百搭运动长裤',20,10,789),(227,'女士包包',1250,'product/1/51.jpg,product/1/52.jpg,product/1/53.jpg,product/1/54.jpg,product/1/55.jpg','黑色',NULL,'春夏款正品代购pinko女包飞鸟压花印花徽章勋章大小号链条燕子包',20,11,787),(228,'女士包包',319,'product/1/56.jpg,product/1/57.jpg,product/1/58.jpg,product/1/59.jpg,product/1/60.jpg','格纹',NULL,'香港代购ins超火迷你双肩包女新款单肩背包仙女包百搭格纹小包包',20,11,867),(229,'男士包包',498,'product/1/61.jpg,product/1/62.jpg,product/1/63.jpg,product/1/64.jpg,product/1/65.jpg','黑色',NULL,'正品卓梵 阿玛尼男包名牌男士手提包横款真皮单肩电脑包牛皮商务',20,12,8567),(230,'男士包包',398,'product/1/66.jpg,product/1/67.jpg,product/1/68.jpg,product/1/69.jpg,product/1/70.jpg','黑色',NULL,'韩版休闲旅行双肩包书包学生牛皮电脑包男士运动背包时尚男包潮包',20,12,78),(231,'男童装',198,'product/1/71.jpg,product/1/72.jpg,product/1/73.jpg,product/1/74.jpg,product/1/75.jpg','白色','130','童装男童夏装2019新款套装儿童洋气夏季短袖两件套帅气小童韩版潮',20,13,9678),(232,'男童装',179,'product/1/76.jpg,product/1/77.jpg,product/1/78.jpg,product/1/79.jpg,product/1/80.jpg','白色','130','男童夏装2019新款套装儿童夏季童装洋气短袖两件套宝宝帅气韩版潮',20,13,67),(233,'女童装',259,'product/1/81.jpg,product/1/82.jpg,product/1/83.jpg,product/1/84.jpg,product/1/85.jpg','白色','140','女童装夏季套装2019新款洋气运动中大童12夏装女孩15岁休闲女装13',20,14,878),(234,'女童装',199,'product/1/86.jpg,product/1/87.jpg,product/1/88.jpg,product/1/89.jpg,product/1/90.jpg','白色','140','女童背带裤套装夏装2019新款年网红儿童洋气时髦夏季中大童童装潮',20,14,78),(235,'男鞋',2499,'product/1/91.jpg,product/1/92.jpg,product/1/93.jpg,product/1/94.jpg,product/1/95.jpg','白色','41','阿迪达斯官方 adidas alphaedge 4D m 男子跑步运动鞋CG5526',20,15,768),(236,'男鞋',2949,'product/1/96.jpg,product/1/97.jpg,product/1/98.jpg,product/1/99.jpg,product/1/100.jpg','白色','41','阿迪达斯男鞋女Yeezy 350 V2白斑马椰子白冰激凌纯白跑步鞋CP9366',20,15,678),(237,'女鞋',399,'product/1/101.jpg,product/1/102.jpg,product/1/103.jpg,product/1/104.jpg,product/1/105.jpg','白色','37','如熙松糕凉鞋女2019新款夏季百搭ins潮鞋复古罗马网红学生仙女风',20,16,67878),(238,'女鞋',499,'product/1/106.jpg,product/1/107.jpg,product/1/108.jpg,product/1/109.jpg,product/1/110.jpg','白色','37','2019新款夏款百搭老爹鞋女ins潮鞋夏季休闲透气网面运动厚底小白',20,16,678),(239,'童鞋',299,'product/1/111.jpg,product/1/112.jpg,product/1/113.jpg,product/1/114.jpg,product/1/115.jpg','白色','27','男童运动鞋2019新款夏季男孩夏童鞋夏款网面透气网鞋儿童椰子鞋子',20,17,678),(240,'童鞋',399,'product/1/116.jpg,product/1/117.jpg,product/1/118.jpg,product/1/119.jpg,product/1/120.jpg','白色','27','童鞋女童小白鞋2019新款夏季鞋子儿童运动鞋女孩春秋透气网面网鞋',20,17,9766),(241,'女裤',129,'product/1/1.jpg,product/1/2.jpg,product/1/3.jpg,product/1/4.jpg,product/1/5.jpg','浅蓝','XL','美特斯邦威牛仔裤女2019新款韩版休闲直筒萝卜裤宽松bf泫雅老爹裤',7,7,7845),(242,'女裤',49,'product/1/6.jpg,product/1/7.jpg,product/1/8.jpg,product/1/9.jpg,product/1/10.jpg','黑色','XL','美特斯邦威牛仔裤女2019新款韩版休闲直筒萝卜裤宽松bf泫雅老爹裤',26,7,6),(243,'女衣',39,'product/1/11.jpg,product/1/12.jpg,product/1/13.jpg,product/1/14.jpg,product/1/15.jpg','白色','XL','衣服女韩版2019新款夏装宽松港风t恤女短袖ins潮大码中长款打底衫',13,6,56365),(244,'女衣',79,'product/1/16.jpg,product/1/17.jpg,product/1/18.jpg,product/1/19.jpg,product/1/20.jpg','黑色','XL','透明网纱网状镂空薄纱网纱t恤女装薄性感打底衫大码黑纱透视上衣',33,6,789),(245,'裙装',1380,'product/1/21.jpg,product/1/22.jpg,product/1/23.jpg,product/1/24.jpg,product/1/25.jpg','黑色','XL','日本代购thom browne19夏款短裙高腰百褶裙TB西装套装半身裙A字裙',55,8,56),(246,'裙装',259,'product/1/26.jpg,product/1/27.jpg,product/1/28.jpg,product/1/29.jpg,product/1/30.jpg','浅蓝','XL','韩国破洞牛仔短裙女2019新款夏浅色高腰网红ins超火包臀a字半身裙',30,8,745),(247,'男衣',99,'product/1/31.jpg,product/1/32.jpg,product/1/33.jpg,product/1/34.jpg,product/1/35.jpg','蓝色','XXL','花花公子夏季短袖T恤男士韩版圆领薄款半袖青少年纯棉潮流条纹t恤',20,9,6),(248,'男衣',129,'product/1/36.jpg,product/1/37.jpg,product/1/38.jpg,product/1/39.jpg,product/1/40.jpg','粉色','XXL','南极人夏季粉色男士短袖t恤韩版2019新款潮牌港风潮流ins纯棉半袖',20,9,8554),(249,'男裤',139,'product/1/41.jpg,product/1/42.jpg,product/1/43.jpg,product/1/44.jpg,product/1/45.jpg','黑色','XXL','花花公子长裤子男韩版潮流夏季冰丝薄款休闲裤运动裤修身帅气百搭',20,10,465),(250,'男裤',259,'product/1/46.jpg,product/1/47.jpg,product/1/48.jpg,product/1/49.jpg,product/1/50.jpg','灰色','XXL','休闲裤男2019夏季薄款韩版潮牌青年白杆条纹宽松直筒百搭运动长裤',20,10,546),(251,'女士包包',1250,'product/1/51.jpg,product/1/52.jpg,product/1/53.jpg,product/1/54.jpg,product/1/55.jpg','黑色',NULL,'春夏款正品代购pinko女包飞鸟压花印花徽章勋章大小号链条燕子包',20,11,87654),(252,'女士包包',319,'product/1/56.jpg,product/1/57.jpg,product/1/58.jpg,product/1/59.jpg,product/1/60.jpg','格纹',NULL,'香港代购ins超火迷你双肩包女新款单肩背包仙女包百搭格纹小包包',20,11,667),(253,'男士包包',498,'product/1/61.jpg,product/1/62.jpg,product/1/63.jpg,product/1/64.jpg,product/1/65.jpg','黑色',NULL,'正品卓梵 阿玛尼男包名牌男士手提包横款真皮单肩电脑包牛皮商务',20,12,56),(254,'男士包包',398,'product/1/66.jpg,product/1/67.jpg,product/1/68.jpg,product/1/69.jpg,product/1/70.jpg','黑色',NULL,'韩版休闲旅行双肩包书包学生牛皮电脑包男士运动背包时尚男包潮包',20,12,67876),(255,'男童装',198,'product/1/71.jpg,product/1/72.jpg,product/1/73.jpg,product/1/74.jpg,product/1/75.jpg','白色','130','童装男童夏装2019新款套装儿童洋气夏季短袖两件套帅气小童韩版潮',20,13,78),(256,'男童装',179,'product/1/76.jpg,product/1/77.jpg,product/1/78.jpg,product/1/79.jpg,product/1/80.jpg','白色','130','男童夏装2019新款套装儿童夏季童装洋气短袖两件套宝宝帅气韩版潮',20,13,7686),(257,'女童装',259,'product/1/81.jpg,product/1/82.jpg,product/1/83.jpg,product/1/84.jpg,product/1/85.jpg','白色','140','女童装夏季套装2019新款洋气运动中大童12夏装女孩15岁休闲女装13',20,14,7456),(258,'女童装',199,'product/1/86.jpg,product/1/87.jpg,product/1/88.jpg,product/1/89.jpg,product/1/90.jpg','白色','140','女童背带裤套装夏装2019新款年网红儿童洋气时髦夏季中大童童装潮',20,14,67),(259,'男鞋',2499,'product/1/91.jpg,product/1/92.jpg,product/1/93.jpg,product/1/94.jpg,product/1/95.jpg','白色','41','阿迪达斯官方 adidas alphaedge 4D m 男子跑步运动鞋CG5526',20,15,56),(260,'男鞋',2949,'product/1/96.jpg,product/1/97.jpg,product/1/98.jpg,product/1/99.jpg,product/1/100.jpg','白色','41','阿迪达斯男鞋女Yeezy 350 V2白斑马椰子白冰激凌纯白跑步鞋CP9366',20,15,7685),(261,'女鞋',399,'product/1/101.jpg,product/1/102.jpg,product/1/103.jpg,product/1/104.jpg,product/1/105.jpg','白色','37','如熙松糕凉鞋女2019新款夏季百搭ins潮鞋复古罗马网红学生仙女风',20,16,567),(262,'女鞋',499,'product/1/106.jpg,product/1/107.jpg,product/1/108.jpg,product/1/109.jpg,product/1/110.jpg','白色','37','2019新款夏款百搭老爹鞋女ins潮鞋夏季休闲透气网面运动厚底小白',20,16,678),(263,'童鞋',299,'product/1/111.jpg,product/1/112.jpg,product/1/113.jpg,product/1/114.jpg,product/1/115.jpg','白色','27','男童运动鞋2019新款夏季男孩夏童鞋夏款网面透气网鞋儿童椰子鞋子',20,17,78),(264,'童鞋',399,'product/1/116.jpg,product/1/117.jpg,product/1/118.jpg,product/1/119.jpg,product/1/120.jpg','白色','27','童鞋女童小白鞋2019新款夏季鞋子儿童运动鞋女孩春秋透气网面网鞋',20,17,567),(265,'女裤',129,'product/1/1.jpg,product/1/2.jpg,product/1/3.jpg,product/1/4.jpg,product/1/5.jpg','浅蓝','XL','美特斯邦威牛仔裤女2019新款韩版休闲直筒萝卜裤宽松bf泫雅老爹裤',7,7,867),(266,'女裤',49,'product/1/6.jpg,product/1/7.jpg,product/1/8.jpg,product/1/9.jpg,product/1/10.jpg','黑色','XL','美特斯邦威牛仔裤女2019新款韩版休闲直筒萝卜裤宽松bf泫雅老爹裤',26,7,5677),(267,'女衣',39,'product/1/11.jpg,product/1/12.jpg,product/1/13.jpg,product/1/14.jpg,product/1/15.jpg','白色','XL','衣服女韩版2019新款夏装宽松港风t恤女短袖ins潮大码中长款打底衫',13,6,685),(268,'女衣',79,'product/1/16.jpg,product/1/17.jpg,product/1/18.jpg,product/1/19.jpg,product/1/20.jpg','黑色','XL','透明网纱网状镂空薄纱网纱t恤女装薄性感打底衫大码黑纱透视上衣',33,6,56),(269,'裙装',1380,'product/1/21.jpg,product/1/22.jpg,product/1/23.jpg,product/1/24.jpg,product/1/25.jpg','黑色','XL','日本代购thom browne19夏款短裙高腰百褶裙TB西装套装半身裙A字裙',55,8,76987),(270,'裙装',259,'product/1/26.jpg,product/1/27.jpg,product/1/28.jpg,product/1/29.jpg,product/1/30.jpg','浅蓝','XL','韩国破洞牛仔短裙女2019新款夏浅色高腰网红ins超火包臀a字半身裙',30,8,567),(271,'男衣',99,'product/1/31.jpg,product/1/32.jpg,product/1/33.jpg,product/1/34.jpg,product/1/35.jpg','蓝色','XXL','花花公子夏季短袖T恤男士韩版圆领薄款半袖青少年纯棉潮流条纹t恤',20,9,456),(272,'男衣',129,'product/1/36.jpg,product/1/37.jpg,product/1/38.jpg,product/1/39.jpg,product/1/40.jpg','粉色','XXL','南极人夏季粉色男士短袖t恤韩版2019新款潮牌港风潮流ins纯棉半袖',20,9,7864),(273,'男裤',139,'product/1/41.jpg,product/1/42.jpg,product/1/43.jpg,product/1/44.jpg,product/1/45.jpg','黑色','XXL','花花公子长裤子男韩版潮流夏季冰丝薄款休闲裤运动裤修身帅气百搭',20,10,67),(274,'男裤',259,'product/1/46.jpg,product/1/47.jpg,product/1/48.jpg,product/1/49.jpg,product/1/50.jpg','灰色','XXL','休闲裤男2019夏季薄款韩版潮牌青年白杆条纹宽松直筒百搭运动长裤',20,10,546678),(275,'女士包包',1250,'product/1/51.jpg,product/1/52.jpg,product/1/53.jpg,product/1/54.jpg,product/1/55.jpg','黑色',NULL,'春夏款正品代购pinko女包飞鸟压花印花徽章勋章大小号链条燕子包',20,11,456),(276,'女士包包',319,'product/1/56.jpg,product/1/57.jpg,product/1/58.jpg,product/1/59.jpg,product/1/60.jpg','格纹',NULL,'香港代购ins超火迷你双肩包女新款单肩背包仙女包百搭格纹小包包',20,11,76),(277,'男士包包',498,'product/1/61.jpg,product/1/62.jpg,product/1/63.jpg,product/1/64.jpg,product/1/65.jpg','黑色',NULL,'正品卓梵 阿玛尼男包名牌男士手提包横款真皮单肩电脑包牛皮商务',20,12,46),(278,'男士包包',398,'product/1/66.jpg,product/1/67.jpg,product/1/68.jpg,product/1/69.jpg,product/1/70.jpg','黑色',NULL,'韩版休闲旅行双肩包书包学生牛皮电脑包男士运动背包时尚男包潮包',20,12,567),(279,'男童装',198,'product/1/71.jpg,product/1/72.jpg,product/1/73.jpg,product/1/74.jpg,product/1/75.jpg','白色','130','童装男童夏装2019新款套装儿童洋气夏季短袖两件套帅气小童韩版潮',20,13,7687),(280,'男童装',179,'product/1/76.jpg,product/1/77.jpg,product/1/78.jpg,product/1/79.jpg,product/1/80.jpg','白色','130','男童夏装2019新款套装儿童夏季童装洋气短袖两件套宝宝帅气韩版潮',20,13,46),(281,'女童装',259,'product/1/81.jpg,product/1/82.jpg,product/1/83.jpg,product/1/84.jpg,product/1/85.jpg','白色','140','女童装夏季套装2019新款洋气运动中大童12夏装女孩15岁休闲女装13',20,14,675),(282,'女童装',199,'product/1/86.jpg,product/1/87.jpg,product/1/88.jpg,product/1/89.jpg,product/1/90.jpg','白色','140','女童背带裤套装夏装2019新款年网红儿童洋气时髦夏季中大童童装潮',20,14,76),(283,'男鞋',2499,'product/1/91.jpg,product/1/92.jpg,product/1/93.jpg,product/1/94.jpg,product/1/95.jpg','白色','41','阿迪达斯官方 adidas alphaedge 4D m 男子跑步运动鞋CG5526',20,15,67),(284,'男鞋',2949,'product/1/96.jpg,product/1/97.jpg,product/1/98.jpg,product/1/99.jpg,product/1/100.jpg','白色','41','阿迪达斯男鞋女Yeezy 350 V2白斑马椰子白冰激凌纯白跑步鞋CP9366',20,15,65),(285,'女鞋',399,'product/1/101.jpg,product/1/102.jpg,product/1/103.jpg,product/1/104.jpg,product/1/105.jpg','白色','37','如熙松糕凉鞋女2019新款夏季百搭ins潮鞋复古罗马网红学生仙女风',20,16,57),(286,'女鞋',499,'product/1/106.jpg,product/1/107.jpg,product/1/108.jpg,product/1/109.jpg,product/1/110.jpg','白色','37','2019新款夏款百搭老爹鞋女ins潮鞋夏季休闲透气网面运动厚底小白',20,16,6),(287,'童鞋',299,'product/1/111.jpg,product/1/112.jpg,product/1/113.jpg,product/1/114.jpg,product/1/115.jpg','白色','27','男童运动鞋2019新款夏季男孩夏童鞋夏款网面透气网鞋儿童椰子鞋子',20,17,46),(288,'童鞋',399,'product/1/116.jpg,product/1/117.jpg,product/1/118.jpg,product/1/119.jpg,product/1/120.jpg','白色','27','童鞋女童小白鞋2019新款夏季鞋子儿童运动鞋女孩春秋透气网面网鞋',20,17,7565),(289,'女裤',129,'product/1/1.jpg,product/1/2.jpg,product/1/3.jpg,product/1/4.jpg,product/1/5.jpg','浅蓝','XL','美特斯邦威牛仔裤女2019新款韩版休闲直筒萝卜裤宽松bf泫雅老爹裤',7,7,676),(290,'女裤',49,'product/1/6.jpg,product/1/7.jpg,product/1/8.jpg,product/1/9.jpg,product/1/10.jpg','黑色','XL','美特斯邦威牛仔裤女2019新款韩版休闲直筒萝卜裤宽松bf泫雅老爹裤',26,7,756),(291,'女衣',39,'product/1/11.jpg,product/1/12.jpg,product/1/13.jpg,product/1/14.jpg,product/1/15.jpg','白色','XL','衣服女韩版2019新款夏装宽松港风t恤女短袖ins潮大码中长款打底衫',13,6,4564),(292,'女衣',79,'product/1/16.jpg,product/1/17.jpg,product/1/18.jpg,product/1/19.jpg,product/1/20.jpg','黑色','XL','透明网纱网状镂空薄纱网纱t恤女装薄性感打底衫大码黑纱透视上衣',33,6,6),(293,'裙装',1380,'product/1/21.jpg,product/1/22.jpg,product/1/23.jpg,product/1/24.jpg,product/1/25.jpg','黑色','XL','日本代购thom browne19夏款短裙高腰百褶裙TB西装套装半身裙A字裙',55,8,675),(294,'裙装',259,'product/1/26.jpg,product/1/27.jpg,product/1/28.jpg,product/1/29.jpg,product/1/30.jpg','浅蓝','XL','韩国破洞牛仔短裙女2019新款夏浅色高腰网红ins超火包臀a字半身裙',30,8,567),(295,'男衣',99,'product/1/31.jpg,product/1/32.jpg,product/1/33.jpg,product/1/34.jpg,product/1/35.jpg','蓝色','XXL','花花公子夏季短袖T恤男士韩版圆领薄款半袖青少年纯棉潮流条纹t恤',20,9,567),(296,'男衣',129,'product/1/36.jpg,product/1/37.jpg,product/1/38.jpg,product/1/39.jpg,product/1/40.jpg','粉色','XXL','南极人夏季粉色男士短袖t恤韩版2019新款潮牌港风潮流ins纯棉半袖',20,9,54),(297,'男裤',139,'product/1/41.jpg,product/1/42.jpg,product/1/43.jpg,product/1/44.jpg,product/1/45.jpg','黑色','XXL','花花公子长裤子男韩版潮流夏季冰丝薄款休闲裤运动裤修身帅气百搭',20,10,7566),(298,'男裤',259,'product/1/46.jpg,product/1/47.jpg,product/1/48.jpg,product/1/49.jpg,product/1/50.jpg','灰色','XXL','休闲裤男2019夏季薄款韩版潮牌青年白杆条纹宽松直筒百搭运动长裤',20,10,75),(299,'女士包包',1250,'product/1/51.jpg,product/1/52.jpg,product/1/53.jpg,product/1/54.jpg,product/1/55.jpg','黑色',NULL,'春夏款正品代购pinko女包飞鸟压花印花徽章勋章大小号链条燕子包',20,11,667),(300,'女士包包',319,'product/1/56.jpg,product/1/57.jpg,product/1/58.jpg,product/1/59.jpg,product/1/60.jpg','格纹',NULL,'香港代购ins超火迷你双肩包女新款单肩背包仙女包百搭格纹小包包',20,11,576),(301,'男士包包',498,'product/1/61.jpg,product/1/62.jpg,product/1/63.jpg,product/1/64.jpg,product/1/65.jpg','黑色',NULL,'正品卓梵 阿玛尼男包名牌男士手提包横款真皮单肩电脑包牛皮商务',20,12,567),(302,'男士包包',398,'product/1/66.jpg,product/1/67.jpg,product/1/68.jpg,product/1/69.jpg,product/1/70.jpg','黑色',NULL,'韩版休闲旅行双肩包书包学生牛皮电脑包男士运动背包时尚男包潮包',20,12,467),(303,'男童装',198,'product/1/71.jpg,product/1/72.jpg,product/1/73.jpg,product/1/74.jpg,product/1/75.jpg','白色','130','童装男童夏装2019新款套装儿童洋气夏季短袖两件套帅气小童韩版潮',20,13,65),(304,'男童装',179,'product/1/76.jpg,product/1/77.jpg,product/1/78.jpg,product/1/79.jpg,product/1/80.jpg','白色','130','男童夏装2019新款套装儿童夏季童装洋气短袖两件套宝宝帅气韩版潮',20,13,565),(305,'女童装',259,'product/1/81.jpg,product/1/82.jpg,product/1/83.jpg,product/1/84.jpg,product/1/85.jpg','白色','140','女童装夏季套装2019新款洋气运动中大童12夏装女孩15岁休闲女装13',20,14,7),(306,'女童装',199,'product/1/86.jpg,product/1/87.jpg,product/1/88.jpg,product/1/89.jpg,product/1/90.jpg','白色','140','女童背带裤套装夏装2019新款年网红儿童洋气时髦夏季中大童童装潮',20,14,76),(307,'男鞋',2499,'product/1/91.jpg,product/1/92.jpg,product/1/93.jpg,product/1/94.jpg,product/1/95.jpg','白色','41','阿迪达斯官方 adidas alphaedge 4D m 男子跑步运动鞋CG5526',20,15,3434),(308,'男鞋',2949,'product/1/96.jpg,product/1/97.jpg,product/1/98.jpg,product/1/99.jpg,product/1/100.jpg','白色','41','阿迪达斯男鞋女Yeezy 350 V2白斑马椰子白冰激凌纯白跑步鞋CP9366',20,15,78),(309,'女鞋',399,'product/1/101.jpg,product/1/102.jpg,product/1/103.jpg,product/1/104.jpg,product/1/105.jpg','白色','37','如熙松糕凉鞋女2019新款夏季百搭ins潮鞋复古罗马网红学生仙女风',20,16,6),(310,'女鞋',499,'product/1/106.jpg,product/1/107.jpg,product/1/108.jpg,product/1/109.jpg,product/1/110.jpg','白色','37','2019新款夏款百搭老爹鞋女ins潮鞋夏季休闲透气网面运动厚底小白',20,16,6756),(311,'童鞋',299,'product/1/111.jpg,product/1/112.jpg,product/1/113.jpg,product/1/114.jpg,product/1/115.jpg','白色','27','男童运动鞋2019新款夏季男孩夏童鞋夏款网面透气网鞋儿童椰子鞋子',20,17,756),(312,'童鞋',399,'product/1/116.jpg,product/1/117.jpg,product/1/118.jpg,product/1/119.jpg,product/1/120.jpg','白色','27','童鞋女童小白鞋2019新款夏季鞋子儿童运动鞋女孩春秋透气网面网鞋',20,17,45),(313,'女裤',129,'product/1/1.jpg,product/1/2.jpg,product/1/3.jpg,product/1/4.jpg,product/1/5.jpg','浅蓝','XL','美特斯邦威牛仔裤女2019新款韩版休闲直筒萝卜裤宽松bf泫雅老爹裤',7,7,456),(314,'女裤',49,'product/1/6.jpg,product/1/7.jpg,product/1/8.jpg,product/1/9.jpg,product/1/10.jpg','黑色','XL','美特斯邦威牛仔裤女2019新款韩版休闲直筒萝卜裤宽松bf泫雅老爹裤',26,7,4),(315,'女衣',39,'product/1/11.jpg,product/1/12.jpg,product/1/13.jpg,product/1/14.jpg,product/1/15.jpg','白色','XL','衣服女韩版2019新款夏装宽松港风t恤女短袖ins潮大码中长款打底衫',13,6,768),(316,'女衣',79,'product/1/16.jpg,product/1/17.jpg,product/1/18.jpg,product/1/19.jpg,product/1/20.jpg','黑色','XL','透明网纱网状镂空薄纱网纱t恤女装薄性感打底衫大码黑纱透视上衣',33,6,4),(317,'裙装',1380,'product/1/21.jpg,product/1/22.jpg,product/1/23.jpg,product/1/24.jpg,product/1/25.jpg','黑色','XL','日本代购thom browne19夏款短裙高腰百褶裙TB西装套装半身裙A字裙',55,8,5768),(318,'裙装',259,'product/1/26.jpg,product/1/27.jpg,product/1/28.jpg,product/1/29.jpg,product/1/30.jpg','浅蓝','XL','韩国破洞牛仔短裙女2019新款夏浅色高腰网红ins超火包臀a字半身裙',30,8,7),(319,'男衣',99,'product/1/31.jpg,product/1/32.jpg,product/1/33.jpg,product/1/34.jpg,product/1/35.jpg','蓝色','XXL','花花公子夏季短袖T恤男士韩版圆领薄款半袖青少年纯棉潮流条纹t恤',20,9,4654),(320,'男衣',129,'product/1/36.jpg,product/1/37.jpg,product/1/38.jpg,product/1/39.jpg,product/1/40.jpg','粉色','XXL','南极人夏季粉色男士短袖t恤韩版2019新款潮牌港风潮流ins纯棉半袖',20,9,5675),(321,'男裤',139,'product/1/41.jpg,product/1/42.jpg,product/1/43.jpg,product/1/44.jpg,product/1/45.jpg','黑色','XXL','花花公子长裤子男韩版潮流夏季冰丝薄款休闲裤运动裤修身帅气百搭',20,10,87),(322,'男裤',259,'product/1/46.jpg,product/1/47.jpg,product/1/48.jpg,product/1/49.jpg,product/1/50.jpg','灰色','XXL','休闲裤男2019夏季薄款韩版潮牌青年白杆条纹宽松直筒百搭运动长裤',20,10,76),(323,'女士包包',1250,'product/1/51.jpg,product/1/52.jpg,product/1/53.jpg,product/1/54.jpg,product/1/55.jpg','黑色',NULL,'春夏款正品代购pinko女包飞鸟压花印花徽章勋章大小号链条燕子包',20,11,456),(324,'女士包包',319,'product/1/56.jpg,product/1/57.jpg,product/1/58.jpg,product/1/59.jpg,product/1/60.jpg','格纹',NULL,'香港代购ins超火迷你双肩包女新款单肩背包仙女包百搭格纹小包包',20,11,76),(325,'男士包包',498,'product/1/61.jpg,product/1/62.jpg,product/1/63.jpg,product/1/64.jpg,product/1/65.jpg','黑色',NULL,'正品卓梵 阿玛尼男包名牌男士手提包横款真皮单肩电脑包牛皮商务',20,12,67),(326,'男士包包',398,'product/1/66.jpg,product/1/67.jpg,product/1/68.jpg,product/1/69.jpg,product/1/70.jpg','黑色',NULL,'韩版休闲旅行双肩包书包学生牛皮电脑包男士运动背包时尚男包潮包',20,12,756),(327,'男童装',198,'product/1/71.jpg,product/1/72.jpg,product/1/73.jpg,product/1/74.jpg,product/1/75.jpg','白色','130','童装男童夏装2019新款套装儿童洋气夏季短袖两件套帅气小童韩版潮',20,13,4567),(328,'男童装',179,'product/1/76.jpg,product/1/77.jpg,product/1/78.jpg,product/1/79.jpg,product/1/80.jpg','白色','130','男童夏装2019新款套装儿童夏季童装洋气短袖两件套宝宝帅气韩版潮',20,13,6),(329,'女童装',259,'product/1/81.jpg,product/1/82.jpg,product/1/83.jpg,product/1/84.jpg,product/1/85.jpg','白色','140','女童装夏季套装2019新款洋气运动中大童12夏装女孩15岁休闲女装13',20,14,567),(330,'女童装',199,'product/1/86.jpg,product/1/87.jpg,product/1/88.jpg,product/1/89.jpg,product/1/90.jpg','白色','140','女童背带裤套装夏装2019新款年网红儿童洋气时髦夏季中大童童装潮',20,14,654),(331,'男鞋',2499,'product/1/91.jpg,product/1/92.jpg,product/1/93.jpg,product/1/94.jpg,product/1/95.jpg','白色','41','阿迪达斯官方 adidas alphaedge 4D m 男子跑步运动鞋CG5526',20,15,7),(332,'男鞋',2949,'product/1/96.jpg,product/1/97.jpg,product/1/98.jpg,product/1/99.jpg,product/1/100.jpg','白色','41','阿迪达斯男鞋女Yeezy 350 V2白斑马椰子白冰激凌纯白跑步鞋CP9366',20,15,457),(333,'女鞋',399,'product/1/101.jpg,product/1/102.jpg,product/1/103.jpg,product/1/104.jpg,product/1/105.jpg','白色','37','如熙松糕凉鞋女2019新款夏季百搭ins潮鞋复古罗马网红学生仙女风',20,16,64),(334,'女鞋',499,'product/1/106.jpg,product/1/107.jpg,product/1/108.jpg,product/1/109.jpg,product/1/110.jpg','白色','37','2019新款夏款百搭老爹鞋女ins潮鞋夏季休闲透气网面运动厚底小白',20,16,56),(335,'童鞋',299,'product/1/111.jpg,product/1/112.jpg,product/1/113.jpg,product/1/114.jpg,product/1/115.jpg','白色','27','男童运动鞋2019新款夏季男孩夏童鞋夏款网面透气网鞋儿童椰子鞋子',20,17,76),(336,'童鞋',399,'product/1/116.jpg,product/1/117.jpg,product/1/118.jpg,product/1/119.jpg,product/1/120.jpg','白色','27','童鞋女童小白鞋2019新款夏季鞋子儿童运动鞋女孩春秋透气网面网鞋',20,17,56),(337,'耳机',299,'/upload/pms_1527475006.84551272.jpg','白色','LV','撒大都市`',20,6,NULL),(338,'僵尸服',299,'/upload/tioo.jfif','白色','LV','哦',20,9,NULL);

/*Table structure for table `shippingaddress` */

DROP TABLE IF EXISTS `shippingaddress`;

CREATE TABLE `shippingaddress` (
  `aid` int(10) NOT NULL AUTO_INCREMENT,
  `username` varchar(32) DEFAULT NULL,
  `address` varchar(32) DEFAULT NULL,
  `phone` varchar(32) DEFAULT NULL,
  `telephone` varchar(32) DEFAULT NULL,
  `uid` varchar(32) DEFAULT NULL,
  PRIMARY KEY (`aid`),
  KEY `FK_shippingaddress` (`uid`),
  CONSTRAINT `FK_shippingaddress` FOREIGN KEY (`uid`) REFERENCES `user` (`uid`)
) ENGINE=InnoDB AUTO_INCREMENT=20 DEFAULT CHARSET=utf8;

/*Data for the table `shippingaddress` */

insert  into `shippingaddress`(`aid`,`username`,`address`,`phone`,`telephone`,`uid`) values (14,'黎阳','湖北省武汉市洪山区珞南街道武汉市洪山区千硕教育三楼','15377777777','13812345678','11'),(15,'王志文','湖北省武汉市洪山区珞南街道武汉市洪山区千硕教育三楼','15377777777','13812345678','11'),(16,'曹汐','湖北省武汉市洪山区珞南街道123456','15377777777','13812345678','11'),(17,'张三','安徽省阜阳市阜南县王家坝镇hhhhh','13812345678','88441844','11'),(18,'张三','安徽省阜阳市阜南县王家坝镇hhhhh','13812345678','88441844','11'),(19,'liyang','湖北省武汉市洪山区珞南街道hhhhh','13812345678','88441844','11');

/*Table structure for table `user` */

DROP TABLE IF EXISTS `user`;

CREATE TABLE `user` (
  `uid` varchar(32) NOT NULL,
  `username` varchar(10) DEFAULT NULL,
  `password` varchar(32) DEFAULT NULL,
  `email` varchar(32) DEFAULT NULL,
  `telephone` varchar(32) DEFAULT NULL,
  `states` int(3) DEFAULT NULL,
  `code` varchar(64) DEFAULT NULL,
  `type` varchar(10) DEFAULT NULL,
  `nickname` varchar(10) DEFAULT NULL,
  `money` int(32) DEFAULT NULL,
  PRIMARY KEY (`uid`)
) ENGINE=InnoDB DEFAULT CHARSET=utf8;

/*Data for the table `user` */

insert  into `user`(`uid`,`username`,`password`,`email`,`telephone`,`states`,`code`,`type`,`nickname`,`money`) values ('11','张三','123','123456789@qq.com','2147483647',1,NULL,NULL,NULL,NULL),('bcb51195d8ff4a2f9df74e2da99c72a5','li','ly123456','1471924002@qq.com','13812345678',0,'5603312d2a0a49f2ad06f42a8d2fdcb20a982824656341dfb50985d1b3e6dc97',NULL,'li',NULL),('e7a0c9aa625c416fb6194a3c6396d9aa','hh','123','1471924002@qq.com','12354',1,NULL,NULL,'2544',NULL);

/*!40101 SET SQL_MODE=@OLD_SQL_MODE */;
/*!40014 SET FOREIGN_KEY_CHECKS=@OLD_FOREIGN_KEY_CHECKS */;
/*!40014 SET UNIQUE_CHECKS=@OLD_UNIQUE_CHECKS */;
/*!40111 SET SQL_NOTES=@OLD_SQL_NOTES */;
